{"mean RMSE": 8.356524610028982, "RMSE std": 2.7846812807955947}