{"mean RMSE": 12.697595138091124, "RMSE std": 5.274689228253941}