{"mean RMSE": 8.899648673819446, "RMSE std": 3.4302415177037666}