{"mean RMSE": 8.980818349987038, "RMSE std": 3.4006220336384447}