{"mean RMSE": 8.521944662821646, "RMSE std": 2.9350855441311126}