{"mean RMSE": 8.516672007288193, "RMSE std": 2.9175099243110343}