{"mean RMSE": 8.4855214559465, "RMSE std": 2.922012639305957}