{"mean RMSE": 21.31768884184309, "RMSE std": 34.31600823725558}