{"mean RMSE": 12.90552116658312, "RMSE std": 4.708739016487943}