{"mean RMSE": 8.504435654551418, "RMSE std": 0.5459167369537968}