{"mean RMSE": 5.541477584024858, "RMSE std": 2.067496175291363}