{"mean RMSE": 5.597121124946759, "RMSE std": 3.2569078188701437}