{"mean RMSE": 12.953861005135204, "RMSE std": 5.712227067369637}