{"mean RMSE": 11.222525176491962, "RMSE std": 3.780236980968356}