{"mean RMSE": 11.675984871952064, "RMSE std": 4.178425858115194}