{"mean RMSE": 14.543825758020338, "RMSE std": 4.087731962959229}