{"mean RMSE": 11.510569369395375, "RMSE std": 4.080720164247354}
