{"mean RMSE": 16.806527370367256, "RMSE std": 5.356351297169624}