{"mean RMSE": 13.090977867130345, "RMSE std": 4.962900206302044}