{"mean RMSE": 15.049872335747324, "RMSE std": 3.400393764320939}