{"mean RMSE": 11.074129416196516, "RMSE std": 3.6795832674512745}