{"mean RMSE": 12.585485533695904, "RMSE std": 4.62801523035094}