{"mean RMSE": 10.91607212498269, "RMSE std": 3.922421450947762}
