{"pca_score": 0.9104115613027217, "clustering_score": 87005.35466872444, "silhouette_score": 0.3874252175186032}