{"pca_score": 0.9102791042250271, "clustering_score": 91722.50829094191, "silhouette_score": 0.38441687376932654}