{"pca_score": 0.9085296531846273, "clustering_score": 98519.42674849389, "silhouette_score": 0.37603087256207024}