{"pca_score": 0.9050556052947876, "clustering_score": 153576.3825417753, "silhouette_score": 0.32986912297677573}