{"pca_score": 0.9118172314594756, "clustering_score": 95223.36247171379, "silhouette_score": 0.37849111741529184}