{"pca_score": 0.9424746770120263, "clustering_score": 114369.53214884599, "silhouette_score": 0.4618895972302918}