{"pca_score": 0.9541363588525822, "clustering_score": 128258.54308263367, "silhouette_score": 0.37242931148147457}