{"pca_score": 0.9090816685737947, "clustering_score": 100325.74587385354, "silhouette_score": 0.3730303130733868}