{"pca_score": 0.9414305612986643, "clustering_score": 85301.87327270259, "silhouette_score": 0.4349803107827616}