{"pca_score": 0.9087886016383121, "clustering_score": 101381.2348227393, "silhouette_score": 0.3709780446687406}