{"pca_score": 0.9106524309150252, "clustering_score": 81316.45856861377, "silhouette_score": 0.3797141838401768}