{"pca_score": 0.9124200013943623, "clustering_score": 86134.5485455153, "silhouette_score": 0.38780918864421776}