{"pca_score": 0.9114699809519778, "clustering_score": 83151.24019699082, "silhouette_score": 0.38244034788517967}