{"pca_score": 0.9437267752847207, "clustering_score": 125960.0392077388, "silhouette_score": 0.44251790861499146}