{"pca_score": 0.90848007628239, "clustering_score": 74552.2997427527, "silhouette_score": 0.3842832205076248}