{"pca_score": 0.9541148391459362, "clustering_score": 129886.04025915108, "silhouette_score": 0.3742908391772533}