{"pca_score": 0.9421433290534621, "clustering_score": 111762.05323217157, "silhouette_score": 0.4625350414639065}