{"pca_score": 0.9851959721709349, "clustering_score": 30176.930048744565, "silhouette_score": 0.4560963773183956}