{"pca_score": 0.954221791417655, "clustering_score": 132078.2108666317, "silhouette_score": 0.3756626378845724}