{"pca_score": 0.9084406268647157, "clustering_score": 74557.85351702204, "silhouette_score": 0.38426837171679473}