{"pca_score": 0.9096730976758185, "clustering_score": 80403.54196144565, "silhouette_score": 0.37636291129988153}