{"pca_score": 0.9540930616098383, "clustering_score": 131950.84369294625, "silhouette_score": 0.37575542957415625}