{"pca_score": 0.9120939976170411, "clustering_score": 84643.06552407933, "silhouette_score": 0.3867991206744918}