{"pca_score": 0.9433098416747863, "clustering_score": 119520.28790000781, "silhouette_score": 0.45454373531962305}