{"pca_score": 0.9389055620565477, "clustering_score": 142357.1044502076, "silhouette_score": 0.44382319627555633}