{"pca_score": 0.985354819581197, "clustering_score": 29479.6161395347, "silhouette_score": 0.45736408127571687}