{"pca_score": 0.9417065205042006, "clustering_score": 108923.06961276304, "silhouette_score": 0.46301682273103417}