{"pca_score": 0.9428807556592009, "clustering_score": 127943.19985943697, "silhouette_score": 0.44315595686259535}