{"pca_score": 0.9114575941246255, "clustering_score": 79086.04775986282, "silhouette_score": 0.3792236294192731}