{"pca_score": 0.9111269258968903, "clustering_score": 92672.63528342158, "silhouette_score": 0.38318785981412706}