{"pca_score": 0.943728524229063, "clustering_score": 125956.08578266395, "silhouette_score": 0.4413176112534408}