{"pca_score": 0.9120939976170412, "clustering_score": 84643.06552407931, "silhouette_score": 0.3867991206744917}