{"pca_score": 0.9540979720673498, "clustering_score": 131943.88651779597, "silhouette_score": 0.37586674267753284}