{"pca_score": 0.9104115613027217, "clustering_score": 87005.35466872442, "silhouette_score": 0.38742521751860315}