{"pca_score": 0.9114699809519778, "clustering_score": 83151.24019699084, "silhouette_score": 0.3824403478851797}