{"pca_score": 0.9851959721709348, "clustering_score": 30176.93004874458, "silhouette_score": 0.4560963773183956}