{"pca_score": 0.9432169521109949, "clustering_score": 130408.5250148381, "silhouette_score": 0.42707557904962995}