{"pca_score": 0.9101175740708447, "clustering_score": 81569.55434543823, "silhouette_score": 0.38246751878478086}