{"pca_score": 0.9417319362600993, "clustering_score": 107094.68717021414, "silhouette_score": 0.4650256725924794}