{"pca_score": 0.9437923557938167, "clustering_score": 126959.52590980542, "silhouette_score": 0.44776437270203445}