{"pca_score": 0.9089818680117285, "clustering_score": 77099.46828858621, "silhouette_score": 0.37554597384870747}