{"pca_score": 0.9116257606365896, "clustering_score": 94103.39077361891, "silhouette_score": 0.3799694607540877}