{"pca_score": 0.9084406268647159, "clustering_score": 74614.39837334797, "silhouette_score": 0.3846109049623279}