{"pca_score": 0.9851657944263337, "clustering_score": 31032.557739691823, "silhouette_score": 0.45715487546200817}