{"pca_score": 0.9400165859226325, "clustering_score": 136884.03584374418, "silhouette_score": 0.44507245429311404}