{"pca_score": 0.9104115613027218, "clustering_score": 87005.35466872444, "silhouette_score": 0.38742521751860315}