{"pca_score": 0.9116858897732741, "clustering_score": 89715.39208856225, "silhouette_score": 0.3880398256622952}