{"pca_score": 0.9118172314594754, "clustering_score": 95223.36247171383, "silhouette_score": 0.3784911174152918}