{"pca_score": 0.911469980951978, "clustering_score": 83151.24019699084, "silhouette_score": 0.3824403478851797}