{"pca_score": 0.9101175740708447, "clustering_score": 81569.55434543829, "silhouette_score": 0.3824675187847808}