{"pca_score": 0.9120939976170412, "clustering_score": 84643.06552407933, "silhouette_score": 0.38679912067449174}