{"pca_score": 0.910460968600512, "clustering_score": 80533.8320975594, "silhouette_score": 0.3759180882952003}