{"pca_score": 0.9426638672786033, "clustering_score": 115431.06215442336, "silhouette_score": 0.45178021110796257}