{"pca_score": 0.9104115613027218, "clustering_score": 87005.35466872442, "silhouette_score": 0.3874252175186031}