{"p1_mae": [1.6450607657945195, 3.074469294225349, 3.924457968231627, 4.7985171712926755, 5.560059589506875, 5.971701060073946, 6.4451662516530455, 6.815899277983414, 7.1228826553769515, 7.471314021459061, 7.813330063380722, 8.229236849744368, 8.309772291685514, 8.561998213106413, 8.673893560363227, 8.763650856362084, 9.015752935113257, 9.072409320206829, 9.192012224632615, 9.242637082104082, 9.497458421855635, 9.497631429314177, 9.385699405335568, 9.366978501896318], "p2_mae": [0.7357138906941155, 1.3184848767551558, 1.8227522608502704, 2.220132485721392, 2.6127515757645527, 2.976810450140724, 3.3103398048768917, 3.4607776379155615, 3.607553912424907, 3.6888136639272964, 3.878525942391627, 4.019281513144768, 4.134179888659385, 4.266264334950639, 4.2981293217989025, 4.33648339418714, 4.390895267329912, 4.477424413508249, 4.579701082591491, 4.533512057006053, 4.5633346632118155, 4.700772007403038, 4.847954698975647, 4.9443225239834225]}