{"p1_mae": [0.5510283052037173, 1.0193603446116657, 1.4315961376540134, 1.7723010297774802, 2.060938345075351, 2.205204899224565, 2.2942507304803312, 2.4257174381496154, 2.554575647518542, 2.665562434108682, 2.748669484286905, 2.825488965452447, 2.9039271641159923, 2.8672593088959055, 2.897676735734154, 2.9018039863877925, 2.9524771191937806, 3.031089635090118, 3.0336218176788927, 3.043966651604446, 2.9662622508052476, 2.869745630850682, 2.8277415910533317, 2.8662662708291853], "p1_mse": [0.9622728808442097, 3.152864659167631, 5.225873635033671, 7.690762101117032, 10.309649343767946, 10.475649708880962, 10.645265296605833, 11.537604140136018, 12.553387615029433, 13.181841003666745, 13.905325420855151, 14.274541179337866, 14.935812915517369, 15.200529675904418, 15.301509560603447, 15.713265975075274, 16.301677999079377, 16.989817887884364, 16.888421234120297, 17.306801767748322, 16.394767851020152, 15.813825354761878, 16.244461369235424, 15.786241552739249], "p1_meta_mae": [0.5864615933366171, 1.0896811995149829, 1.5115568454845338, 1.9189763639903883, 2.1798929820624977, 2.3090107280950734, 2.3891168864937202, 2.530202521900742, 2.736729393587029, 2.7869960846299255, 2.807279846362726, 2.967595260919946, 2.915106712953686, 2.7953570113195236, 2.7452580471570656, 3.0125249867521107, 3.1020102907222924, 3.111530009959531, 3.2154258707637173, 2.9903648156065556, 2.913371772650549, 2.8931556112083068, 2.935945253711402, 3.0262676183493977], "p1_meta_mse": [1.0329125828589591, 3.515834710407488, 5.103761055362465, 7.984895233926008, 9.821214814233084, 9.947333046430634, 10.29573423366759, 11.125695153079048, 13.379562203329476, 13.773856383935104, 14.574657678212533, 15.31555188162264, 15.537041502508043, 15.782217450751462, 15.562908071989598, 17.693880151093467, 19.187986764730613, 20.92678188264878, 22.20645631930908, 19.32872351103655, 18.182975612495976, 16.56036911096801, 18.159482652283902, 17.844687841880358], "p2_mae": [0.34216350500756426, 0.6455216979276626, 0.9086030655111886, 1.1215995717727205, 1.3331249915977923, 1.3954161264519267, 1.4408679617553481, 1.5422054083650412, 1.6629250255625485, 1.7499785989257104, 1.801246263915244, 1.8902585634942353, 1.9670105094791461, 1.9557666827165576, 1.9884428884060252, 1.9941422949045027, 2.0391125647673802, 2.0887947677951626, 2.0743612795405673, 2.0568902620648633, 2.010197251871945, 1.9360673189780815, 1.8988421453180524, 1.9114396580395736], "p2_mse": [0.36499535920579973, 1.2473840663206273, 2.1108477175208793, 3.1457998436059778, 4.310805923487152, 4.277757680095004, 4.408116594630533, 5.014222575666713, 5.854141551891212, 6.287867426136387, 6.679702277890371, 7.055070137243487, 7.740617213681653, 8.199897662562675, 8.221264583727967, 8.373456618552138, 8.695643989059672, 9.04802705007826, 9.069483544148877, 9.099296995468189, 8.473423240215936, 8.036161244999374, 8.244661816141114, 7.880379899810513], "p2_meta_mae": [0.376060006399061, 0.6771310127562981, 0.9376453384452312, 1.1876976554459202, 1.3650437156466038, 1.4771006055072478, 1.5430392102766572, 1.6315108505089029, 1.7537279982692404, 1.7354303676020542, 1.8023209859574896, 1.9327505197552621, 2.039908200495143, 1.9670684512640917, 1.9527210568972704, 2.08671659856568, 2.132647414961266, 2.2822977420307695, 2.250079044579978, 2.18111232428085, 2.0473163465658186, 2.0915545288900232, 2.0514117601764683, 2.0909830535281335], "p2_meta_mse": [0.4475270910460809, 1.3769721198605083, 2.257671974523339, 3.7210081951839964, 4.55550985208785, 4.603397800472241, 4.862318016274404, 5.44200856352499, 6.438231976382608, 6.479515922235644, 6.898644576550883, 7.473003383581533, 9.119643518765143, 8.831643706086924, 8.764152983817848, 9.484907143755628, 10.68342638390865, 12.407557230406152, 11.19492161860644, 10.721702562350194, 9.726154822252417, 9.584952328755074, 9.387866707602354, 9.329414086092108]}