{"p1_mae": [1.5424655844437833, 2.928914515321274, 4.081174857203129, 5.09321162929625, 5.655766282070923, 6.259282968848873, 6.597599908882271, 7.218464449540049, 7.453449459013514, 7.405175105064441, 7.664216488218399, 7.805407108487792, 8.199531174844358, 8.358488879184836, 8.266622465758442, 8.386162048796534, 8.541785928659806, 8.779265855474947, 8.904467955981062, 8.94009884464769, 8.778123340946593, 8.668850759945945, 8.615654644207766, 8.667591053812142], "p2_mae": [0.7472837255394759, 1.2787215783660424, 1.7927101917957171, 2.381358745733545, 2.7411105792011403, 3.0932553843192574, 3.4065829630326343, 3.6271300260661388, 3.766432665890364, 3.924891176664134, 3.9988892629008306, 4.013605685026343, 4.0028991581569935, 4.047061593532723, 4.0725538472698455, 4.096055116714652, 4.1844532318155885, 4.254906658608769, 4.34978537395599, 4.35465818494684, 4.3811440842217575, 4.348024517997405, 4.447709156504329, 4.456004358933662]}