{"p1_mae": [1.6486876341925525, 2.8288892200709097, 3.926487913297914, 4.916120618809434, 5.739164397198468, 6.55400773313881, 7.032624902923014, 7.532729498943155, 7.969234471533237, 7.9439775539387885, 8.29004573817503, 8.618743075803229, 8.49925974653786, 8.683525556999001, 8.799549338634268, 8.887850966406408, 8.91462788188534, 9.117527979551552, 9.19212192413431, 8.841735680162634, 8.72482018831835, 8.629152167533165, 8.710432121566209, 8.650359246134027], "p2_mae": [0.7246474809788868, 1.311338983150264, 1.7807908321739705, 2.260790026735479, 2.6721262503974033, 2.930379054953922, 3.1847615252759374, 3.374049284291944, 3.505665322083894, 3.675927237625084, 3.889349955118835, 4.113597413441963, 4.0712596305678375, 4.10966413838083, 4.134984201362416, 4.1791759700355335, 4.279666656506025, 4.298368847195208, 4.306902297967874, 4.300648437785179, 4.384240659925373, 4.454830655394079, 4.534861058363092, 4.537043665759039]}