{"p1_mae": [1.751792464562329, 3.141946125334002, 4.528139846972802, 5.27461296402051, 5.720072959973228, 6.181457524079296, 6.525957831728814, 6.876977144753915, 7.070621065421729, 7.116108666551325, 7.211559364946555, 7.453843690899654, 7.965950808821225, 7.9334950352590745, 7.919603272250192, 8.042029475884961, 8.35160373565428, 8.41084144703036, 8.446546745263186, 8.268647990811344, 8.452431978158135, 8.479379071788093, 8.448161141782888, 8.353400624078189], "p2_mae": [0.78868599116017, 1.4511676181979676, 1.9873303272053782, 2.3965478602376162, 2.7807234460877437, 3.1722928031094266, 3.330271563475149, 3.57184740923997, 3.776769154950711, 3.906286437568094, 4.0025683174762765, 4.030912129013834, 4.175871457251389, 4.26043825061871, 4.213883443827375, 4.249722824557606, 4.3222425036275, 4.429971882660952, 4.403336481024391, 4.350393751059262, 4.388490904741302, 4.410877494474553, 4.505636337160881, 4.520943368524184]}