{"p1_mae": [1.6696228988748463, 3.101428603594972, 4.1134768063750125, 4.94817618314462, 5.382460609898819, 5.849615299904886, 6.44217616714661, 6.836795492149559, 7.419529381513199, 7.591442464815694, 7.5686571550983235, 7.858727533942563, 8.140542652235004, 8.150652402210572, 8.40194737243022, 8.51350771345256, 8.390687950219153, 8.160345246205857, 8.303081427387088, 8.403585935079194, 8.391745003227124, 8.383361608377285, 8.4142317524334, 8.35443264485186], "p2_mae": [0.7926946885707361, 1.418822400871477, 1.9004675250849632, 2.3525614007034488, 2.8258101243523117, 3.1454742536237164, 3.3852850012709554, 3.5934983725287477, 3.7517738464694883, 3.9514601620152834, 4.136422184990703, 4.240793771809511, 4.272193899597493, 4.3623741074125695, 4.506132611409732, 4.604286906046251, 4.720265369147655, 4.670601743867939, 4.743475509123799, 4.692383310707798, 4.667146592849981, 4.679605145927209, 4.789424323307676, 4.972138972356932]}