{"p1_mae": [1.586305742234492, 2.7436491003951344, 3.5336320722230212, 4.605163797112436, 5.033885394384771, 5.577774811348958, 5.952676107608612, 6.288512549400764, 6.730650811957798, 6.996981240736925, 7.2715814613486085, 7.346000562952314, 7.604226069443505, 7.784519529351415, 7.696435569119109, 7.612163133160791, 7.75219222086009, 7.7863765700342045, 7.8278643645752854, 7.8334802722098, 7.842510975378839, 7.832460997431542, 7.75333603951195, 7.452698785292576], "p2_mae": [0.8646822831681076, 1.4980269566556268, 2.0496500554104538, 2.5820344539069584, 2.842576243805685, 3.0806818219865915, 3.3194446915512548, 3.5417063254937657, 3.807575071111197, 3.994720640830278, 4.168604563071832, 4.258765631449654, 4.333253905779, 4.404452475345932, 4.3591962707107825, 4.336508419410322, 4.397150071941797, 4.376467605429901, 4.44452010637797, 4.527189926499554, 4.58946896326087, 4.769010664239631, 4.861887498171888, 4.947997710900646]}