{"p1_mae": [1.4694289422225282, 2.6639725108357206, 3.9400908619636206, 4.577319935872026, 5.249055134809145, 6.0305252919829595, 6.548092582744092, 6.963661394314255, 7.265179333325717, 7.297177866242762, 7.651095194546463, 7.667046431091348, 7.773661042868198, 7.777836422527372, 7.624077894229499, 7.581343475905344, 7.57597298934597, 7.728762373485368, 7.835185481492923, 8.018735355156384, 8.163975179111992, 7.971617346692154, 7.761725427109791, 7.856540851247224], "p2_mae": [0.8111820918266004, 1.5416842625520826, 2.1021251299388743, 2.6693385255721758, 3.044206040252625, 3.2667728809163195, 3.501097716517921, 3.7080807439510575, 3.8487543124638686, 3.9686515250182794, 4.0712655044933195, 4.008662608981135, 4.048091210566157, 4.198269409077396, 4.384524315550549, 4.473264467797396, 4.501223588280354, 4.499563704546962, 4.512711481346022, 4.503470757874053, 4.591641171909261, 4.64244113465386, 4.6998819602098605, 4.730963817523899]}