{"p1_mae": [0.5834978995725281, 1.0429899280848522, 1.5537136964925078, 1.9484649584495704, 2.2549597994069535, 2.4138138048910687, 2.448606372890485, 2.4630230206244073, 2.4768789437815766, 2.6228244270011865, 2.730888286971921, 2.821125835583533, 2.853728912344624, 2.8965943401144383, 2.8759129364200113, 2.833800708491717, 2.763982497843824, 2.824701792261645, 2.871571174393966, 2.9532782289937782, 3.0231286039584666, 3.0858974810940976, 3.0627314825787226, 3.0130404413605385], "p1_mse": [0.7358961829912432, 2.299699461761276, 5.400634938457856, 8.463580484377143, 11.020407800829261, 12.306155825860726, 12.918819894329406, 13.205608277503545, 12.983662451777386, 13.482107316264115, 13.95184838150456, 14.835705645545199, 14.87531583801293, 14.564415122584276, 14.490610654673446, 14.204179306510563, 13.297122364903426, 13.96311330786389, 14.400627578752847, 14.95283861806323, 16.382291981286997, 17.133430930634372, 17.141405370034445, 16.791538573120715], "p1_meta_mae": [0.5718680155494182, 1.0643047970490667, 1.5963608958967654, 1.8294129844282543, 2.1747191256801544, 2.210463818319631, 2.315744133921719, 2.283821944078466, 2.4725658430659876, 2.624711141688172, 2.5273116777154163, 3.107604899806826, 3.2698615830040256, 3.0901558134263425, 3.108899662174075, 3.0974168560004, 3.222272985296901, 3.25153443341986, 3.194764827147089, 3.3251773716155317, 3.365576912276347, 3.4551021333299863, 3.1677613846398716, 3.1499536970273354], "p1_meta_mse": [0.7906439518347702, 2.379222183088375, 5.646110287910287, 7.491097259986075, 10.300787921628125, 9.824110760791257, 10.276949694756444, 9.46600439340823, 10.707050007862717, 11.941992205397733, 11.694329191509642, 17.032751508958142, 19.82236096144213, 16.65185799927155, 18.86214455815774, 18.92775041292813, 18.223816073868907, 17.863726729097156, 20.143904444086008, 21.10416968851089, 23.708063813359605, 22.18922227316933, 18.649170821350747, 19.237217113342105], "p2_mae": [0.35429821733277755, 0.6650728557741006, 1.0061889874601126, 1.2840767412365868, 1.4517745761683831, 1.5552724099252186, 1.6085720685205722, 1.6574386800215763, 1.6777744910889731, 1.731724366462651, 1.7993550240591383, 1.8685375893629914, 1.9293900120146017, 1.9607284998598091, 1.9731481169706417, 1.9611588285103827, 1.9482308033709523, 2.0147128198062125, 2.0727168775203615, 2.14316393999838, 2.1885538905670567, 2.197982336825081, 2.1821653677378623, 2.1040958864613297], "p2_mse": [0.30643577951001855, 1.013451877526641, 2.476672776101995, 3.8459522989977466, 4.813911314820771, 5.4159755068300255, 5.892837883108509, 6.14244404772009, 6.046675507024159, 6.031334304410414, 6.212476872502517, 6.488785636564923, 6.755390691392453, 6.843132667618737, 7.052266227426792, 7.124145271075718, 7.011300575569783, 7.596953379003901, 8.14105649780052, 8.68120090323628, 9.496506252747459, 9.648084183863235, 9.489639185251466, 8.945513197013643], "p2_meta_mae": [0.3568029342614578, 0.7061246798482994, 0.9758475330608504, 1.2251699191174081, 1.3770279286373073, 1.41562495982204, 1.4691781519270273, 1.4941792364205788, 1.533777878157929, 1.651723940637794, 1.7694706931633974, 1.8947056766389236, 1.98837537573869, 1.9769515600514214, 2.0609334931010843, 2.0458791527009264, 2.0913538103969556, 2.087592912948029, 2.2313701206559333, 2.3449020181389635, 2.2837990252094285, 2.3777123128820667, 2.3057637624422194, 2.089148014714302], "p2_meta_mse": [0.2975677799497411, 1.0768436917746704, 2.315669760386954, 3.5089570671850447, 4.362663809164397, 4.107637220614857, 4.0258901876378355, 4.038795960457837, 4.44461393046353, 4.962061664560269, 6.42517809598416, 7.499640334910464, 8.582613211032248, 7.701150697927028, 8.130968781857769, 8.413999668767564, 8.158976877428705, 8.731819706938056, 10.681317866045832, 11.65071222433702, 11.870289645440396, 11.47668506989653, 10.502909915845454, 8.707226091751776]}