{"p1_mae": [1.1530624686207214, 2.4891003707367347, 3.4006107516979007, 4.234795076365069, 4.840163706110834, 5.307034726252227, 5.937662598900314, 6.047887590944319, 6.246192487626515, 6.425857470284571, 6.761622135013761, 7.59105282980795, 7.662066806742302, 7.5915217306047555, 7.798325566020609, 7.95383887982328, 8.79480845895196, 8.903699803796215, 8.96163097804093, 8.656318971417297, 9.467962363873633, 9.734044542221922, 10.02651548828196, 9.737866990407708], "p1_mse": [2.7843739581385942, 12.287234958738116, 21.9711188823355, 33.08803577351825, 41.871111618439926, 50.074532244091564, 62.03780893257432, 64.40078438974417, 71.51725105654826, 74.88954663502923, 86.17932738630016, 104.44616439470127, 101.10498226911494, 99.04899603770167, 101.67323352758063, 102.88069368626873, 125.59702771690495, 126.84907092623916, 133.68584397356312, 129.8519128152056, 156.31744881900005, 154.0740934195199, 166.53087937199655, 164.75698228413373], "p2_mae": [0.3907723920168705, 0.8339229308559962, 1.3033887076346753, 1.70374685427173, 2.0448959885739613, 2.3468524731841596, 2.6694990665197493, 2.835934047967586, 2.838325530368989, 2.744721332734869, 2.974614839730987, 3.2175583762409237, 3.382968003927601, 3.4046717780797384, 3.4162474026571386, 3.2646946662080456, 3.600027651300664, 3.745946336600917, 3.7993596201026607, 3.7427253612876332, 3.920568038234231, 4.055677132622984, 4.125286406963451, 3.977450725989955], "p2_mse": [0.3338155619589838, 1.3828783551266055, 3.3901632195712543, 5.23442619989363, 7.184651669183559, 9.437518656763968, 11.828791207083267, 12.840105553342704, 13.46136120938662, 13.186089137695053, 16.82135097557111, 18.106328366903586, 18.817151944898786, 19.655560557144987, 18.518753120898673, 16.82498231480947, 20.260950355498434, 21.52363218876295, 23.00596026295536, 23.317750754747305, 25.40380697359728, 26.13018585454792, 26.88712575627309, 25.183173783412936]}