{"p1_mae": [0.6663382577432567, 1.288664769266795, 1.8202220365841022, 2.260632879377644, 2.5097188215735415, 2.5624624296813425, 2.7267721444946886, 2.976804729252676, 3.0393326562416245, 3.123182508367563, 3.2682605517026007, 3.386874052858684, 3.4239236852631136, 3.391545580690962, 3.2915513329447346, 3.248231673516025, 3.1845606663452477, 3.098292245901344, 3.038561869323844, 3.033839577116089, 3.0371264181006516, 3.137790233363974, 3.225707329443685, 3.2565358662527393], "p1_mse": [0.9838255339379102, 3.781554629692074, 7.894132804258233, 11.768493246547509, 14.623771811756354, 15.540641265558776, 17.384363166624883, 21.14704013939942, 21.03175921983544, 20.949019459142587, 22.54111319494891, 24.37480987629123, 24.446764972946028, 23.837600084132827, 23.38053281545418, 22.52174189367508, 22.63274441781327, 20.415173607399126, 18.11901445352917, 17.316170440160853, 16.82229257316093, 17.984627230660667, 19.59483618805645, 21.305665169848556], "p1_meta_mae": [0.6853459884480693, 1.2156401965065584, 1.588353612937122, 2.0710066401151126, 2.3225239127503032, 2.3793173239500978, 2.4054349301175466, 2.7314967679383244, 2.9149224272728276, 2.875053811581852, 3.075910894313888, 3.250832578071815, 3.392854772652913, 3.385027185280919, 3.3110061253039467, 3.2797870094505157, 3.3026615585483836, 3.160302644969778, 3.0758431650570763, 3.1157889959912866, 3.3647873522251164, 3.3813155595896873, 3.444990826955706, 3.3446748393582144], "p1_meta_mse": [1.0651484529577033, 3.6008599742580545, 6.120448363173096, 9.368482823653688, 11.783449775513779, 12.648933914016082, 13.987769471548075, 18.849796973334435, 17.795507422996554, 15.328897997386038, 18.410932828109598, 20.884427623738624, 21.824695682435863, 22.13259925543549, 19.572265363390475, 20.444988623365443, 21.473274390285532, 20.462403730171573, 19.36586645335084, 19.407588772550437, 21.702401366811927, 20.713094470782597, 22.159678666149, 21.004034047344078], "p2_mae": [0.4336047059373514, 0.8445837909150172, 1.2188206761491653, 1.5233473419173933, 1.6665921310211247, 1.7411882149381086, 1.8789553209562944, 2.027194796679012, 2.0870107704562915, 2.1103303022542583, 2.1670008476434828, 2.1862847414728352, 2.193983323951473, 2.183796873394863, 2.1735832072704824, 2.1979534953734925, 2.1992953001901903, 2.1605912853567673, 2.1445413609735064, 2.127967088599716, 2.1364604525986133, 2.1799741638238532, 2.2576357832032508, 2.2938139122306977], "p2_mse": [0.49268445665579064, 1.7616824261086492, 3.7113241262440866, 5.661598119442754, 7.07807010426334, 7.803502236802922, 9.01849464653114, 10.857408333229726, 10.97368425622806, 10.856341933258546, 11.392545477264562, 11.990493447681828, 11.959165038759545, 11.735011500964662, 12.092647337527545, 12.121200444959161, 12.32216759327606, 10.927073473570333, 9.813953093124491, 9.211693217517062, 8.856865458816289, 9.449875183527135, 10.229776161052072, 11.198853959459338], "p2_meta_mae": [0.4399746818171307, 0.7748064302700247, 1.0395412041990726, 1.4306622941449396, 1.5657259291871504, 1.50862073806616, 1.603231465523488, 1.9536193717277357, 1.965053866890696, 2.029843973779879, 2.073200413567135, 2.1730664545191223, 2.241042988410809, 2.1776100619762917, 2.213162507539387, 2.2187898791444485, 2.2203796119746086, 2.098547211502555, 2.1363229504323815, 2.122613261145836, 2.282021702693549, 2.256157831793365, 2.3192587008490415, 2.2136902617593828], "p2_meta_mse": [0.530937929845248, 1.5642123912187673, 2.8196193008070183, 5.379609898776628, 6.501410041034673, 5.963387904042546, 6.633509796855889, 9.724402939655608, 9.305804398034352, 9.040504702465897, 9.769836469707576, 10.67800161154141, 10.93893911768576, 10.485748878850812, 10.262899118932296, 10.876366419495561, 10.985612948786489, 9.699532588866724, 10.188710819423875, 9.412868415067887, 10.464490828620827, 10.193134154215457, 10.799340092078731, 9.788266299568686]}