{"p1_mae": [1.7219836968284472, 3.135801213553023, 4.41438440280493, 5.34844688776827, 6.022380510343303, 6.755205608901301, 7.13749349169151, 7.650736280459221, 7.788301852530096, 7.87870784904677, 8.24932381410046, 8.53176402938371, 8.7963096867896, 8.982328033638106, 8.991486866727628, 8.681183268248734, 8.615204585601571, 8.811456454401199, 8.939995158498467, 9.143452033078784, 8.927379694107184, 9.011543732374879, 8.927583228881312, 8.69344481213352], "p2_mae": [0.7468889240327837, 1.380650103485743, 1.9065341252233454, 2.331339797240994, 2.6025110112641383, 2.833777459922736, 3.029708414556539, 3.1979056359039357, 3.396982638727115, 3.548991504456925, 3.6475762888111642, 3.8195669678501236, 3.9599492264568914, 4.121861772632502, 4.220864988173089, 4.265506104225597, 4.275929140764914, 4.321273179438712, 4.262170753577273, 4.335324351500843, 4.479117056898073, 4.513403299746322, 4.553103410160644, 4.652642702847802]}