{"p1_mae": [1.5873140027210553, 2.8502514324516697, 3.867502138585401, 4.939871637310321, 5.674803490059092, 6.470092336119517, 6.997466410164753, 7.3633861503169316, 7.458168106755304, 7.715243910483516, 8.17395263373564, 8.376194010335375, 8.457309345222676, 8.516882179694505, 8.51558574012602, 8.594034931454509, 8.847046413354223, 8.90357819456713, 8.97171765249178, 8.993923868160214, 8.84340035672079, 8.978319783276001, 9.03805608945637, 9.183553315965813], "p2_mae": [0.6409811506015722, 1.1881517919544784, 1.7907444499993592, 2.343797387840868, 2.8749521079524927, 3.372959635845402, 3.6808123417451726, 3.8811067719942063, 4.047258026503181, 4.094003349519788, 4.212397963856567, 4.4549704117157045, 4.5168801180184905, 4.516161745182049, 4.5359545692600305, 4.520863917344738, 4.576289565988988, 4.635974191009368, 4.692803698300528, 4.663948980641594, 4.680496820936422, 4.725098869322951, 4.716833556026462, 4.700708752878752]}