{"p1_mae": [0.7195851166436052, 1.3381880595565367, 1.8624015376341974, 2.33338435699608, 2.719956699907103, 2.843184839611776, 2.9503609566460507, 3.022652261246505, 3.012664358063443, 2.9931238857846156, 3.0052033117455994, 3.090941067400403, 3.2473138975828406, 3.3256396129675636, 3.405460449207634, 3.432131986009617, 3.5514791790359537, 3.5319199165836777, 3.56889756887363, 3.5266076837406346, 3.4657452649994442, 3.3386677599647228, 3.337106211131432, 3.4007126816382356], "p1_mse": [1.5920452351151517, 4.908452846875899, 8.335252697973784, 12.206872629187165, 16.093135441968098, 18.693198048537138, 19.95429806456633, 20.410961530131317, 20.770863375603646, 20.10981308490392, 19.120916410751008, 19.347420829668533, 21.65200489090281, 21.95861751662744, 22.468995709900334, 24.031338257104018, 26.360487848824864, 26.09878568834588, 26.063739501576585, 25.563909773070407, 23.67067711118148, 20.90256141777151, 20.66832341516853, 20.768191154402018], "p1_meta_mae": [0.7788134570813362, 1.4699947564637716, 1.9023527004823517, 2.2723884864324897, 2.5335195013912966, 2.719987208422482, 3.0152308255505984, 2.9473390186671873, 3.007864800010357, 3.069156636864194, 3.23351226911532, 3.514689221400875, 3.668335020066123, 3.554613241197904, 3.5173079528712403, 3.333812314783976, 3.273724936550306, 3.61592808343061, 3.692042717915815, 3.8276201983077014, 3.5722158090577265, 3.333628559138598, 3.402635725581606, 3.425394794460525], "p1_meta_mse": [1.8575976603824613, 5.843055341676288, 8.990218416736717, 10.706911683668768, 14.109437104336733, 16.421313911393494, 17.796298398526208, 17.456388753546467, 17.884767467660478, 18.42097038132996, 20.587518080878098, 22.679071402604166, 25.696637807376877, 25.43137509488105, 23.078064935865697, 20.67381384699482, 20.826281145845016, 24.382182594382993, 25.267204564820112, 28.347859354318032, 24.047332501955132, 20.730558571962916, 23.269482914607753, 21.290124032849622], "p2_mae": [0.482723761009849, 0.9083712631836651, 1.267357169355629, 1.617256185964951, 1.9009934951196525, 2.0481817967483917, 2.1417495524464067, 2.1645947635459355, 2.158224672102892, 2.1865580053230564, 2.20742773329402, 2.263023157352715, 2.3665350003455634, 2.4233536749364815, 2.469162326379744, 2.5326105160097607, 2.6307280305619294, 2.6741882241099355, 2.723950435070444, 2.7144419080279274, 2.6073138877718067, 2.4905494131639427, 2.4802171156743262, 2.5293279531894073], "p2_mse": [0.7219690364181497, 2.2324052537840733, 3.9840097940608863, 5.976877473568882, 8.235175287617468, 10.141485212755045, 11.259175078027432, 11.503120259205847, 11.311728921481421, 11.112813087435262, 11.072807293006399, 11.260137090089486, 12.460832702867238, 12.793412794822034, 13.147726075492027, 14.254378609765672, 15.620695713323403, 15.72540263418789, 15.819651569214814, 15.302556914955003, 13.795392769801232, 12.240223457115881, 12.100806983520226, 12.088311314970223], "p2_meta_mae": [0.4516869671895794, 0.9087434489513411, 1.2289357231241917, 1.500434091381734, 1.671064563549934, 1.8611411834657383, 2.0695910535530806, 2.052059118168742, 2.116659951206136, 2.2489072323692434, 2.252472549656867, 2.3741618664070816, 2.5535119232362105, 2.4957371932074937, 2.536703290768195, 2.5595679476869355, 2.5102733244690647, 2.616236955507833, 2.636285378769935, 2.768241228482789, 2.7375995880787114, 2.56830859695399, 2.575546140221084, 2.3850385724688303], "p2_meta_mse": [0.5788360503991906, 2.3654121155677785, 3.778419755396686, 5.4953230976441, 6.4613110498458, 8.16953176638966, 9.608232170440234, 9.67538392207675, 9.7233775987351, 10.34737351925162, 11.102330916639561, 11.416371483680765, 13.11583973856232, 12.575906500190921, 12.907837632571857, 12.604287663921422, 12.194069806450502, 13.59875107263823, 13.187736743912449, 15.528856178447938, 14.955850547255055, 13.47242318105049, 13.432933540424647, 10.71379667956491]}