{"p1_mae": [0.6662030149740171, 1.2874074126225599, 1.8182620465356376, 2.260465748769765, 2.509336239354424, 2.562240919435448, 2.7276343337612117, 2.9759739326077583, 3.038420249215807, 3.123090362470512, 3.267796571360652, 3.3865821120045316, 3.423360320523901, 3.3910916334711483, 3.291392317664012, 3.248892008607216, 3.184660458827602, 3.0986191462246357, 3.0392179676381414, 3.033843110027444, 3.0371601198704443, 3.1379300513999535, 3.2257482839158866, 3.256941352347974], "p1_mse": [0.9835127989371705, 3.775065483260384, 7.881208198502178, 11.770622346879358, 14.61951262514322, 15.53824150541933, 17.38254874425786, 21.12787503186438, 21.00840419404932, 20.934157607917594, 22.529457024197946, 24.36440668575938, 24.437237712013474, 23.82604372350276, 23.365968795386422, 22.51217678858138, 22.629480727932826, 20.415912806613093, 18.123237196212852, 17.315895168961262, 16.822884792306855, 17.98554187528747, 19.59319242595758, 21.307049193098695], "p1_meta_mae": [0.6838954050768999, 1.2476748602137038, 1.593335183775683, 2.0787988981053833, 2.3223475774718425, 2.3546713874220404, 2.419415197809898, 2.7306150903657698, 2.894044209778905, 2.9019170450615874, 3.0470017322111342, 3.248838954917807, 3.3982524722993888, 3.379378900999573, 3.3072216870177638, 3.256845933874747, 3.2628821204421015, 3.132329954818789, 3.0520581129854523, 3.0825662372820206, 3.3508064869891125, 3.364529421296117, 3.4388336029130033, 3.3460377837745527], "p1_meta_mse": [1.0571032521909849, 3.80118830965545, 6.1550924927590325, 9.527352117963856, 11.700105432561232, 12.294867404373077, 14.462619650786383, 18.36941678298191, 17.966344861222005, 15.441646358836424, 18.147059926985847, 20.761223767707477, 21.722038607266246, 21.86373649347599, 19.794895219941033, 20.13224024123351, 21.114957601885045, 20.508205348854784, 19.199093354051595, 18.867944237478827, 21.359990988811873, 20.31952656935112, 22.03377249156238, 20.977809026086003], "p2_mae": [0.4336047059373514, 0.8445837909150172, 1.2188206761491653, 1.5233473419173933, 1.6665921310211247, 1.7411882149381086, 1.8789553209562944, 2.027194796679012, 2.0870107704562915, 2.1103303022542583, 2.1670008476434828, 2.1862847414728352, 2.193983323951473, 2.183796873394863, 2.1735832072704824, 2.1979534953734925, 2.1992953001901903, 2.1605912853567673, 2.1445413609735064, 2.127967088599716, 2.1364604525986133, 2.1799741638238532, 2.2576357832032508, 2.2938139122306977], "p2_mse": [0.49268445665579064, 1.7616824261086492, 3.7113241262440866, 5.661598119442754, 7.07807010426334, 7.803502236802922, 9.01849464653114, 10.857408333229726, 10.97368425622806, 10.856341933258546, 11.392545477264562, 11.990493447681828, 11.959165038759545, 11.735011500964662, 12.092647337527545, 12.121200444959161, 12.32216759327606, 10.927073473570333, 9.813953093124491, 9.211693217517062, 8.856865458816289, 9.449875183527135, 10.229776161052072, 11.198853959459338], "p2_meta_mae": [0.4399746818171307, 0.7748064302700247, 1.0395412041990726, 1.4306622941449396, 1.5657259291871504, 1.50862073806616, 1.603231465523488, 1.9536193717277357, 1.965053866890696, 2.029843973779879, 2.073200413567135, 2.1730664545191223, 2.241042988410809, 2.1776100619762917, 2.213162507539387, 2.2187898791444485, 2.2203796119746086, 2.098547211502555, 2.1363229504323815, 2.122613261145836, 2.282021702693549, 2.256157831793365, 2.3192587008490415, 2.2136902617593828], "p2_meta_mse": [0.530937929845248, 1.5642123912187673, 2.8196193008070183, 5.379609898776628, 6.501410041034673, 5.963387904042546, 6.633509796855889, 9.724402939655608, 9.305804398034352, 9.040504702465897, 9.769836469707576, 10.67800161154141, 10.93893911768576, 10.485748878850812, 10.262899118932296, 10.876366419495561, 10.985612948786489, 9.699532588866724, 10.188710819423875, 9.412868415067887, 10.464490828620827, 10.193134154215457, 10.799340092078731, 9.788266299568686]}