{"p1_mae": [1.6347654451759082, 3.0944197102409534, 4.1286428091629945, 4.717892957540201, 5.241798428429887, 5.9034825588030175, 6.257426368823625, 6.893031737907322, 7.328115609766171, 7.4850822840397395, 7.856879702784552, 8.295686717791591, 8.503884647908093, 8.336339896151248, 8.222319899154295, 8.025509969643958, 8.111835318477475, 8.283440462124574, 8.435864427709925, 8.647776629033142, 8.428939567097599, 8.313416919740282, 8.4942429854158, 8.741023757019411], "p2_mae": [0.7738501696228083, 1.4219842724594096, 1.966706722778762, 2.4055949686658313, 2.7710253527065722, 3.068342720981682, 3.2846202385180168, 3.4430649157908797, 3.6672878150423944, 3.855971788798554, 3.9552753535739202, 4.055419255443688, 4.139991880973607, 4.302908079873567, 4.383130066166495, 4.332368266752289, 4.426390493741632, 4.444461083122733, 4.482427267782517, 4.486563661482623, 4.442875995291665, 4.440214082667492, 4.46869366365208, 4.543279253881128]}