{"p1_mae": [0.5518390737133665, 1.018523787596615, 1.4308580232784167, 1.7716502247033286, 2.060542033611613, 2.203889390179135, 2.2930022104959003, 2.424909316255511, 2.5540926273245503, 2.6659124061040385, 2.750768070254443, 2.8256403196192887, 2.903474533690587, 2.8660622834886964, 2.8963536436993316, 2.9017757981465473, 2.9530014570139405, 3.0306116946611383, 3.033724445582247, 3.044503294921053, 2.96710006448004, 2.869797510901734, 2.8290094043141245, 2.866284125270038], "p1_mse": [0.9638635968916867, 3.150062106436449, 5.2237973763518735, 7.685529131263505, 10.309657603929493, 10.46570577480786, 10.643712369594068, 11.533056246115946, 12.556845545326965, 13.197652740956306, 13.925523972430698, 14.287681944401232, 14.940816812423352, 15.195905867993618, 15.299535824719, 15.723311354425377, 16.312179417303387, 16.99439903314557, 16.89742581010779, 17.325631621204508, 16.40865533737333, 15.82564074013206, 16.261608655279517, 15.795402520688379], "p1_meta_mae": [0.5924024823613078, 1.1028605845117985, 1.5081888934450496, 1.9241298156549707, 2.164955574912148, 2.355627392688948, 2.358435092496108, 2.565777273830229, 2.776119271054172, 2.777450504595237, 2.8018697675857025, 2.905379213169888, 2.9165134614965096, 2.8080229976338518, 2.810638068897603, 3.023454215300679, 3.1549919753380453, 3.139290293481167, 3.219038624039766, 2.9768768076077463, 2.90533623238249, 2.9582834671672025, 2.95832927501032, 3.0460704519544795], "p1_meta_mse": [1.052702854652847, 3.489449910586211, 5.175972030872003, 8.197120158514984, 9.564525108402616, 10.467520857270232, 10.172535837891461, 11.415022508195038, 13.662595173584853, 13.72808781447791, 14.575533975308009, 14.590374936647992, 15.420001647162616, 16.013532927744635, 15.94970441591901, 17.82305575607628, 19.585900494808374, 21.43844740920628, 21.960482377967583, 19.324609459387236, 18.264811452584674, 17.423190672877766, 18.547264141010384, 17.918139125136648], "p2_mae": [0.34216350500756426, 0.6455216979276626, 0.9086030655111886, 1.1215995717727205, 1.3331249915977923, 1.3954161264519267, 1.4408679617553481, 1.5422054083650412, 1.6629250255625485, 1.7499785989257104, 1.801246263915244, 1.8902585634942353, 1.9670105094791461, 1.9557666827165576, 1.9884428884060252, 1.9941422949045027, 2.0391125647673802, 2.0887947677951626, 2.0743612795405673, 2.0568902620648633, 2.010197251871945, 1.9360673189780815, 1.8988421453180524, 1.9114396580395736], "p2_mse": [0.36499535920579973, 1.2473840663206273, 2.1108477175208793, 3.1457998436059778, 4.310805923487152, 4.277757680095004, 4.408116594630533, 5.014222575666713, 5.854141551891212, 6.287867426136387, 6.679702277890371, 7.055070137243487, 7.740617213681653, 8.199897662562675, 8.221264583727967, 8.373456618552138, 8.695643989059672, 9.04802705007826, 9.069483544148877, 9.099296995468189, 8.473423240215936, 8.036161244999374, 8.244661816141114, 7.880379899810513], "p2_meta_mae": [0.376060006399061, 0.6771310127562981, 0.9376453384452312, 1.1876976554459202, 1.3650437156466038, 1.4771006055072478, 1.5430392102766572, 1.6315108505089029, 1.7537279982692404, 1.7354303676020542, 1.8023209859574896, 1.9327505197552621, 2.039908200495143, 1.9670684512640917, 1.9527210568972704, 2.08671659856568, 2.132647414961266, 2.2822977420307695, 2.250079044579978, 2.18111232428085, 2.0473163465658186, 2.0915545288900232, 2.0514117601764683, 2.0909830535281335], "p2_meta_mse": [0.4475270910460809, 1.3769721198605083, 2.257671974523339, 3.7210081951839964, 4.55550985208785, 4.603397800472241, 4.862318016274404, 5.44200856352499, 6.438231976382608, 6.479515922235644, 6.898644576550883, 7.473003383581533, 9.119643518765143, 8.831643706086924, 8.764152983817848, 9.484907143755628, 10.68342638390865, 12.407557230406152, 11.19492161860644, 10.721702562350194, 9.726154822252417, 9.584952328755074, 9.387866707602354, 9.329414086092108]}