{"p1_mae": [0.8729910191488208, 1.8482202611041783, 2.9687316948299873, 3.605056918515652, 4.106366786728228, 4.257454677784678, 5.095569484494645, 5.503291648277571, 5.7876627811399235, 5.972440059328117, 5.932469598883785, 5.564676711901066, 5.692586940544913, 5.641856418121794, 5.707023740088328, 5.39346042993085, 5.7958805231341195, 6.102639988103223, 5.986286123027075, 6.1196604351233175, 5.9870857018060315, 6.310023611562984, 6.271195683216681, 6.281351083521661], "p1_mse": [1.9652246606885964, 9.132631724539815, 22.45832408319628, 31.99572505538898, 40.71004039495274, 47.64333005139758, 69.60778161203787, 79.36741977984663, 87.52358743891477, 91.33862281119184, 83.05098164599484, 77.35517896521102, 78.10053842869264, 74.62919204677105, 72.7947310615215, 66.14526647010211, 78.93619173082556, 84.69946536415111, 83.80427335739626, 84.75919966564184, 80.96605739621018, 89.86008403914738, 92.76190078089576, 101.6586201411088], "p2_mae": [0.39405606971187807, 0.8377651931132878, 1.2923044309050291, 1.476658177915777, 1.6916934708699305, 1.816217362879927, 2.0490260848985242, 2.292322030166782, 2.3832162412029434, 2.4751533278049966, 2.4788542512700396, 2.3752319138156146, 2.3747759765470366, 2.389297378695018, 2.459303802604816, 2.4606491998288673, 2.5838444107017295, 2.633431650165709, 2.6156211869556683, 2.624951140007866, 2.6926044057668537, 2.6751531440928993, 2.54374759559139, 2.5684354854537843], "p2_mse": [0.426503490217228, 1.973895385834163, 4.6295957741045415, 5.016880416552525, 6.244683003067656, 7.448799278779652, 8.970374071447527, 12.042979631313989, 12.215049982104642, 13.12187752072399, 13.050920713443169, 12.985585314518673, 13.83422216205064, 13.800774957312457, 14.431466499869797, 13.10261570930878, 14.233664414275621, 14.418911369933866, 14.453924244766146, 13.818636487586197, 15.052438270332411, 14.54615935566065, 12.955904621344503, 14.452932473946015]}