{"p1_mae": [1.5755615329847483, 2.8335668017033075, 4.012841721606002, 5.014224645469436, 5.568111810137425, 6.015594192683266, 6.364151195220908, 6.767355603028516, 7.018541726770691, 7.293071438211468, 7.409840400706724, 7.356383951123437, 7.193703717294316, 7.260189651505947, 7.620501803933103, 7.952651240584202, 8.176478990922144, 8.32093080655057, 8.328706996175784, 8.256812404363078, 8.201314854681819, 8.26219371831579, 8.280834732558558, 8.07459464540263], "p2_mae": [0.7836543816605073, 1.415603489046713, 2.049952836149658, 2.411765355379338, 2.7564003427381047, 2.974048382926753, 3.229338723312494, 3.435606067670081, 3.5230998224410883, 3.6309713201295843, 3.707663746805247, 3.8303029041175827, 3.8716157335964856, 4.0231236236816175, 4.1974589669632465, 4.263128735374711, 4.248045602405992, 4.299097404568975, 4.381085392188658, 4.35959504691983, 4.430466076591168, 4.410832178750033, 4.367371881118217, 4.414342439474513]}