{"p1_mae": [1.6705670689780467, 2.7867650754147415, 4.090110947958294, 5.0170399754411035, 5.652350244523902, 6.324417776278367, 6.65408338786379, 6.965725389662525, 6.962750326732732, 7.191493404324714, 7.3427896640393735, 7.498395931419524, 7.657408880152652, 7.795915943252869, 8.002743420442464, 8.265236366780409, 8.393346706813057, 8.526423365079687, 8.477673498716118, 8.517649324308756, 8.584758725306498, 8.728280530662992, 9.039854407083611, 9.203665001300516], "p2_mae": [0.7603262357685977, 1.3269998520711188, 1.8019542990415387, 2.2285662270301763, 2.573047411867249, 2.917487415676913, 3.263975424490538, 3.5259342026671323, 3.61643265264225, 3.727923827708301, 3.9108660258346744, 4.161087489437948, 4.3395476154412025, 4.333076566854501, 4.335574947108821, 4.324283473866832, 4.365681572654306, 4.414968131886708, 4.359404960853314, 4.424433359778036, 4.544087865951885, 4.600995621158714, 4.648731657493061, 4.725540482781273]}