{"p1_mae": [0.7089282326715198, 1.4736514051582998, 2.2600543691048247, 2.911716208303027, 3.401173936880206, 3.8847027991333167, 4.0352654977338736, 4.454536244078918, 4.414725660214402, 4.694697426961784, 5.173921591013355, 5.109755665513586, 5.016237455518029, 5.087035113977859, 4.827909550861955, 4.919028265472039, 5.230951774156161, 5.411100264150053, 5.5479931322415394, 5.7322671422503895, 5.673142067367952, 6.14377470772709, 6.264183046101922, 6.276470042042457], "p1_mse": [1.5947347571060968, 8.18718446568351, 19.629404938041787, 28.132717948325855, 37.69578059392929, 44.22078062564031, 46.678266281866975, 57.51257733127024, 54.749508080155465, 59.163053319406096, 68.85381119270394, 64.70913445144824, 61.29438532643969, 58.578407771481714, 55.36469035086093, 57.97072701533657, 65.19831838807411, 71.78174757641425, 77.6872910613597, 83.3148771275759, 83.64800033368782, 94.87499074106539, 101.96026668014842, 113.10512231207916], "p2_mae": [0.28837727879508246, 0.5896161466179887, 0.9329694379378354, 1.1609504326196747, 1.3330718199791283, 1.5347621201058532, 1.678343047470886, 1.8644258366751236, 1.8439414065932367, 1.9736270936677909, 2.0191491585236108, 2.0589596506699226, 2.1118144934872887, 2.013209677898148, 2.168911140743854, 2.201244723211494, 2.312986080268393, 2.2607968780868983, 2.304609127621042, 2.422204689951931, 2.400304597476775, 2.450727644956518, 2.6096839553655373, 2.6488041671774685], "p2_mse": [0.2651590047858039, 1.011155825743853, 2.2093239698485103, 3.1646213328552326, 4.096643840367267, 5.829633728485129, 6.143826303716643, 7.521406604333733, 6.97221043233211, 8.147567931329394, 8.975102216153827, 9.037240906212904, 9.526813455084808, 9.051391138406247, 10.559813202311677, 11.571149386458137, 12.321782265328045, 11.710286829401193, 11.66347994371091, 12.805291796675496, 12.889349366076733, 12.974289981337215, 15.032379071630816, 17.174294950115623]}