{"p1_mae": [0.5420511999147835, 1.146724159952239, 1.7650956020708841, 2.113150102453477, 2.5865242134119826, 2.878741244746445, 2.998966010574568, 3.15227599757872, 3.2412053171882502, 3.2741722245943494, 3.343244479282648, 3.4405514413674534, 3.3413101085407275, 3.533076534288256, 3.407764717232259, 3.4616980567902895, 3.467919229007842, 3.517226163999599, 3.461557311868146, 3.655680972465876, 3.5979028447885897, 3.6798067665293153, 3.6496524516551045, 3.604804740158652], "p1_mse": [0.643967696681167, 2.9654425494296506, 6.79666094309611, 9.381144769636053, 13.551034772455141, 15.790108830268728, 15.78657111223855, 17.464131177157373, 17.762144154748995, 19.418849801663942, 20.430638623085056, 23.078978752375402, 21.68422896431759, 25.458969967700444, 22.85393232750442, 23.463400358193965, 23.14965856907284, 25.456446969715103, 22.80685679463592, 27.28594206290595, 26.216772133783042, 26.472673007499075, 25.686812093876785, 24.458168739899307], "p2_mae": [0.23956858454398686, 0.5767420888024537, 0.9126850907400329, 1.0881924439793054, 1.316694054452663, 1.5005700460570628, 1.637063349498445, 1.7206361723756838, 1.7331839571779684, 1.808406475485078, 1.9058807536990434, 1.8994546338172131, 1.9266264272483264, 1.8800032035522576, 1.8897989842223417, 1.8597406612895497, 1.8140582971513257, 1.8114110658682891, 1.7426268869828365, 1.8227820700014574, 1.8051355808238034, 1.7840830297149595, 1.8110705266725335, 1.8159785668044295], "p2_mse": [0.16419369222210312, 1.0435925736502791, 2.2138720648769468, 2.731935279117972, 3.798688519357343, 4.433857786955428, 5.177023196030031, 5.7020643130572894, 5.910977075007351, 6.831373579582046, 7.592594436233363, 8.392962896238059, 7.689840534630292, 7.862657659859348, 8.313812716896992, 8.239767667234862, 7.423208229068208, 7.367321760218304, 6.535645969149726, 7.387792566490561, 7.515437744001901, 7.317152533600095, 6.903001029602043, 6.847523118912624]}