{"p1_mae": [1.6956319046793256, 3.2396796482461236, 4.597646338190002, 5.397640879868196, 6.008005719819926, 6.611789466148302, 6.955007547534234, 7.413253124954836, 7.954399971567972, 8.165395981574491, 8.179981212391807, 8.44259556625469, 8.516636266667623, 8.709682620053227, 8.932671218509084, 9.153428702493459, 9.343184248073753, 9.636991008431943, 9.661668619101789, 9.697138280972766, 9.793032246268332, 9.676637226363793, 9.65265370661664, 9.613478259632814], "p2_mae": [0.685935906396408, 1.3389643568692584, 1.9345948975535865, 2.4126557451722004, 2.9180160051704154, 3.1961127198725587, 3.481763805959932, 3.715414135347413, 3.864122638668988, 4.126213981719446, 4.327090765671683, 4.496900508669959, 4.587925747646187, 4.80698568234538, 4.9446561322113745, 5.052436612777506, 5.0468823709786985, 5.036114306413326, 5.0071837771264525, 4.96749824132996, 4.960936739386627, 4.960985469479159, 5.0552349086716, 5.140713173816823]}