{"p1_mae": [0.46002552756151793, 0.9865845426702526, 1.3861364889860035, 1.7861795341740487, 2.208295548168434, 2.4409873092921424, 2.6263550008158254, 2.6556730375880604, 2.6526888629944687, 2.604654174599845, 2.6779920183302086, 2.7915511578876364, 2.851363412999107, 2.996089172302614, 2.9434179709555384, 2.80073662567815, 2.7976661831859193, 2.890664605146019, 2.7968863917967752, 2.8126590141790944, 2.8865776413006614, 2.838194104597234, 2.79120533341874, 2.8973579134738916], "p1_mse": [0.5285538461640471, 2.067365684301611, 3.8584485047617187, 6.590069195167407, 9.831691816051007, 11.893207402992697, 12.736224459790725, 13.553951691105468, 12.377948723543705, 12.146090700078897, 13.191036407645091, 13.935155253581048, 14.81317201563712, 17.241708991624343, 17.21007485204745, 15.44391303729523, 15.876807279652482, 16.678669640683264, 15.065419766934326, 15.871088130456775, 16.24798952020673, 15.09669650342972, 15.812439042233619, 17.342227499592692], "p2_mae": [0.24455909803781273, 0.5364320451653136, 0.8046375031638411, 1.1309222580907028, 1.35552263843921, 1.4882966244231097, 1.5783072693747286, 1.6121922001888302, 1.6425644510094468, 1.6108999463880045, 1.6556715359212737, 1.7863242073380259, 1.8177287174258399, 1.9621359328772137, 1.9279756748762633, 1.9491000601294786, 1.905324051954071, 1.8878543834005401, 1.8809934595471107, 1.8503252884342187, 1.910021932868042, 1.8723514164222783, 1.8994584652320383, 1.9863258262390744], "p2_mse": [0.17506938515985873, 0.674895709496844, 1.4720644517581947, 2.8258937787395855, 4.233956603735423, 5.035311078741368, 5.209426883382775, 5.265812016646964, 5.139296581150457, 4.972863516335299, 5.4564351472034085, 6.22464107344893, 6.794779593585114, 8.202717602193685, 8.085332796970851, 8.094565959535652, 7.7466252985359505, 7.648717149569311, 6.994198824032005, 7.198951962403344, 7.319794498989347, 6.901401449670795, 7.393191646451234, 8.327651570680148]}