{"p1_mae": [0.9616594953244059, 1.8188300871143626, 2.5670376808688515, 3.172001593101947, 3.507226422842612, 4.1204470288656925, 4.235245646542029, 5.035738417608697, 5.351053392804071, 5.750785750550174, 6.327311305048658, 6.49533949285572, 6.041761023138941, 6.590010231401317, 6.283114322693397, 6.576089169295469, 6.671451614962065, 6.681608011239629, 6.623116619028084, 6.655261458682759, 6.613775422421934, 6.599002732955146, 6.332598003117308, 6.258616768779392], "p1_mse": [2.626877243433389, 8.375462139628725, 15.935882330106857, 22.603065881770036, 27.58184080992966, 43.06618167687896, 46.18161058168413, 62.34589763206056, 76.5106206570278, 92.32727647231619, 105.8173694160904, 112.54598752522834, 97.01128562005397, 108.63693140715874, 94.29342103328806, 100.52513294143688, 106.42107287846014, 110.16677742788352, 110.609879977027, 109.13263444455026, 113.47160810076598, 116.54612667655068, 112.80764737038803, 111.0101102392732], "p2_mae": [0.3549291462267953, 0.7304957865761857, 1.1093088116150394, 1.3781501990589242, 1.6861522237219915, 1.7957372367849318, 1.9398895412651078, 1.9713825291522926, 2.0392182667499013, 2.307254677243481, 2.3981300326879214, 2.3430096389501753, 2.3004176264627034, 2.1824971299588714, 2.344592962366465, 2.5481589306783734, 2.6692872623482695, 2.70117358866262, 2.700513152190078, 2.7853708966852584, 2.6308418259935706, 2.6680362594537455, 2.4801448479502723, 2.33125945598939], "p2_mse": [0.30037715590561814, 1.3570259834645493, 2.6635526626778656, 4.004538306459756, 5.908011587987763, 6.755946244384495, 7.724985800158847, 8.039471276129172, 9.50309423793853, 11.860645477170298, 12.01515403132757, 11.031024035065688, 10.399229390659013, 9.68120823269975, 11.389024064254077, 13.01538461478286, 13.948330276258993, 14.74017867635351, 14.539079951053195, 14.772661636663868, 14.839303272796654, 14.895327619938856, 13.212583029611334, 12.066662377471554]}