{"p1_mae": [1.5919101454575755, 3.0433781250039926, 4.126313978794382, 5.185695082370829, 5.83382001570011, 6.085664864952862, 6.729435346420586, 7.212106536973037, 7.570866342379621, 7.884548712943106, 8.26502735567132, 8.48617189755232, 8.613541903522078, 8.67533452690573, 8.807639702663511, 8.621618580382638, 8.748299916937338, 8.8175167329448, 8.889363402019363, 8.898272555056833, 8.87451399795803, 9.113401743929959, 9.430327583872968, 9.564237107543196], "p2_mae": [0.731149050116099, 1.4710825664803158, 2.1369921100219766, 2.683537514712303, 3.0631098924565547, 3.4421456368489434, 3.7899837116451485, 3.993641071588861, 4.104591479450131, 4.241956317638358, 4.313281705465378, 4.358331262180093, 4.39855806815647, 4.4635651831580425, 4.469313798469299, 4.3846899329804225, 4.410151987562256, 4.400105506417039, 4.591352688928626, 4.750147872793071, 4.895388765991386, 4.964264734397519, 4.996216465491208, 5.00927749522216]}