{"p1_mae": [0.6668360011779235, 1.2956269077691134, 1.782924250588352, 2.1434677566690166, 2.404829239111478, 2.6545583522806138, 2.802081178305078, 2.9688878482933263, 3.048662222077216, 3.129560699690657, 3.213523315894665, 3.208258852459864, 3.371216968608569, 3.3174317355218865, 3.2671130593067956, 3.2681374418787823, 3.3248136281480054, 3.343689889332178, 3.311989130971676, 3.313638743848558, 3.305111900324347, 3.256195072211911, 3.2359064225471807, 3.1552886707047105], "p1_mse": [1.0026918371981146, 4.108841966832218, 7.742822262699874, 11.12909285778358, 13.35113400299626, 15.095646713601273, 16.369367721937568, 17.807912504553485, 18.766592928870523, 19.148818035403796, 19.324073353891528, 19.37046390269064, 20.430125662190925, 19.098468064349277, 18.107702086014797, 17.590886733000588, 18.296465333770275, 18.295124360625067, 17.901819806318574, 17.81756183017171, 17.894592487582475, 18.088795173511766, 18.04853777610886, 17.423144427933526], "p1_meta_mae": [0.7375862735491758, 1.3657383476482603, 1.835069704477367, 2.1335190407226308, 2.325946759789225, 2.459182140701366, 2.6136562735455007, 2.6848445934425538, 2.774950487752488, 2.9721038760119094, 2.9540162772155365, 3.07206110891487, 3.3828382448676333, 3.469659732255269, 3.326765972854226, 3.2094846464596816, 3.338582505235321, 3.498293229317324, 3.515889632007808, 3.1633877780274924, 3.015690932582935, 3.1019457482967008, 3.082276478805424, 3.041888479113242], "p1_meta_mse": [1.1646961606673403, 4.319836842371614, 6.771840596261025, 9.415908560022245, 11.821898820071471, 12.083674253746686, 12.94923583712149, 13.158575787010784, 14.751885435874447, 16.145662453342574, 16.01939629530163, 17.18435615022854, 20.346497831641106, 20.693689180848867, 18.8313693986232, 18.327350686881584, 19.56923812935914, 21.32525904983529, 20.353968726419406, 17.033863087227356, 15.555177420170281, 16.29555337726415, 17.396779323250744, 17.233781903867495], "p2_mae": [0.4025879766259344, 0.8055500413275711, 1.1715708760696968, 1.4496565016091578, 1.6436700953152437, 1.7799437589449871, 1.8734670290942874, 2.004380924547594, 2.05963064507755, 2.1266728213397763, 2.1722581978504576, 2.156852039860853, 2.256369824266142, 2.242662517060015, 2.23113765214846, 2.2713235906270897, 2.3130278596296443, 2.2784439912705405, 2.2662321180145986, 2.272353990077092, 2.2433009783325164, 2.2501362579545034, 2.262872163443677, 2.2265507746325155], "p2_mse": [0.3931736553934424, 1.8033506346325077, 3.684479086090936, 5.58601150539117, 6.819887881210475, 7.490019429679448, 8.284779804593377, 9.318087447435774, 9.743691215970133, 9.790487109029222, 9.751096358726143, 9.826637664123956, 10.552860573815954, 9.837079003187577, 9.198796596741605, 9.324501251644968, 9.799569757086076, 9.682260394099531, 9.725571805043613, 9.800868343823552, 9.629241627926755, 9.772693135657038, 10.058033292613766, 9.655753654592047], "p2_meta_mae": [0.42054453736161557, 0.8679156587772142, 1.1946290592453972, 1.4295672848938747, 1.5801944132094912, 1.670775580567635, 1.7068244601290379, 1.8185374390354005, 1.9540073428449636, 2.1078921503289574, 2.021909107274289, 2.092840330735851, 2.1542927526361733, 2.2983989453644544, 2.2569924317056773, 2.240019851718057, 2.3270729343526866, 2.370267979647593, 2.419084545073375, 2.3557687697701413, 2.401343595809557, 2.2677682526466363, 2.1653117767392343, 2.0841353837367764], "p2_meta_mse": [0.48054625225307224, 2.0551881549072575, 3.6165521499515276, 5.556779512754897, 6.3491920106411905, 6.297177028882737, 6.331187332517211, 7.075110485141601, 8.47480317468698, 9.585533043578907, 8.17915643989237, 8.69039534348018, 9.079720995865465, 9.52406579073902, 9.376235250223475, 9.73794533423507, 9.976821921571705, 10.15193134792311, 10.717690578889375, 10.580514528327182, 10.982423873762803, 8.885155959015476, 8.956646881484438, 8.456503036594532]}