{"p1_mae": [0.6660792912225479, 1.2875449375077084, 1.8183937178180005, 2.262199259059929, 2.510162488745645, 2.563106183758982, 2.7287526988785666, 2.97720261936278, 3.0411036616753804, 3.1244406030900724, 3.2687119797882733, 3.3883734800358085, 3.4245455343776476, 3.394435542304327, 3.2942575153328457, 3.252412471719585, 3.1871706393672046, 3.100167022164322, 3.0398760205720596, 3.035747460551529, 3.038421391239169, 3.1393499436651084, 3.2259351862730457, 3.2572450081776627], "p1_mse": [0.9835117333580962, 3.7738419645458765, 7.877861026267665, 11.78163741920938, 14.623646467524722, 15.540336243170925, 17.39039066156207, 21.148514806644798, 21.02915645854436, 20.941440986121485, 22.52640411990269, 24.37263773994923, 24.432822106562945, 23.851009846815057, 23.385759883509103, 22.54817168967318, 22.64547985379942, 20.434068672966593, 18.133780392296092, 17.331012792337667, 16.83657745503585, 17.99502341407043, 19.5836807165193, 21.29454390589026], "p1_meta_mae": [0.6801627865279725, 1.2221451198540982, 1.5849863573401575, 2.0768877624452102, 2.3229782400827896, 2.3882899815383674, 2.40155791026682, 2.773653901758058, 2.8696866262003393, 2.91084102485594, 3.0842615353667453, 3.2686399729628746, 3.378052976215138, 3.3235503619539886, 3.3407428535330466, 3.238540364197544, 3.27592364656563, 3.109150131570551, 3.07807780666562, 3.1178411664489647, 3.418789916559258, 3.415869337268335, 3.460185574205847, 3.326231354095893], "p1_meta_mse": [1.0457104150025214, 3.666713161714973, 6.042716627229662, 9.262788730538551, 11.86089419194385, 12.709620200518863, 13.863342850380217, 19.10824244444444, 17.35504916552357, 15.727029980797264, 18.319005745883175, 20.869591839121505, 21.784088056800123, 21.382228712891518, 19.87369795756141, 19.903930434698285, 21.71091522203891, 20.118614989832523, 19.560234400804752, 19.660551873844394, 22.110350044366783, 21.18916932845319, 22.24028192797886, 20.914796685288803], "p2_mae": [0.4336047059373514, 0.8445837909150172, 1.2188206761491653, 1.5233473419173933, 1.6665921310211247, 1.7411882149381086, 1.8789553209562944, 2.027194796679012, 2.0870107704562915, 2.1103303022542583, 2.1670008476434828, 2.1862847414728352, 2.193983323951473, 2.183796873394863, 2.1735832072704824, 2.1979534953734925, 2.1992953001901903, 2.1605912853567673, 2.1445413609735064, 2.127967088599716, 2.1364604525986133, 2.1799741638238532, 2.2576357832032508, 2.2938139122306977], "p2_mse": [0.49268445665579064, 1.7616824261086492, 3.7113241262440866, 5.661598119442754, 7.07807010426334, 7.803502236802922, 9.01849464653114, 10.857408333229726, 10.97368425622806, 10.856341933258546, 11.392545477264562, 11.990493447681828, 11.959165038759545, 11.735011500964662, 12.092647337527545, 12.121200444959161, 12.32216759327606, 10.927073473570333, 9.813953093124491, 9.211693217517062, 8.856865458816289, 9.449875183527135, 10.229776161052072, 11.198853959459338], "p2_meta_mae": [0.4399746818171307, 0.7748064302700247, 1.0395412041990726, 1.4306622941449396, 1.5657259291871504, 1.50862073806616, 1.603231465523488, 1.9536193717277357, 1.965053866890696, 2.029843973779879, 2.073200413567135, 2.1730664545191223, 2.241042988410809, 2.1776100619762917, 2.213162507539387, 2.2187898791444485, 2.2203796119746086, 2.098547211502555, 2.1363229504323815, 2.122613261145836, 2.282021702693549, 2.256157831793365, 2.3192587008490415, 2.2136902617593828], "p2_meta_mse": [0.530937929845248, 1.5642123912187673, 2.8196193008070183, 5.379609898776628, 6.501410041034673, 5.963387904042546, 6.633509796855889, 9.724402939655608, 9.305804398034352, 9.040504702465897, 9.769836469707576, 10.67800161154141, 10.93893911768576, 10.485748878850812, 10.262899118932296, 10.876366419495561, 10.985612948786489, 9.699532588866724, 10.188710819423875, 9.412868415067887, 10.464490828620827, 10.193134154215457, 10.799340092078731, 9.788266299568686]}