{"p1_mae": [1.6020034991564394, 3.164298727587103, 4.364322161164992, 5.360359230526976, 6.166914607690177, 6.720556680327067, 7.148771167305584, 7.695983295467874, 8.323623506021063, 8.518663825125751, 8.734967671614756, 8.835736025443822, 8.571998627048846, 8.500478286785903, 8.432238476188648, 8.512533053890206, 8.485021593578907, 8.739784388493524, 8.937885464139235, 8.797658119231327, 8.84959893084068, 8.946361505932114, 9.33226639837477, 9.646245035528587], "p2_mae": [0.6907393482395631, 1.3310450549436446, 1.8653095083554925, 2.3099783312486437, 2.6183843832298903, 2.9078568612008593, 3.1800736662168645, 3.4767632710668734, 3.708382804206148, 3.866002708113364, 4.009631338428495, 4.029422491941259, 4.089258282173244, 4.109421132783222, 4.180133931367335, 4.157512409330046, 4.159350515974747, 4.230819247922248, 4.28222286440442, 4.300701016980229, 4.333589619537533, 4.284060092556096, 4.2948368000852515, 4.291695002695459]}