{"p1_mae": [0.8497500473806106, 1.7341627024244395, 2.701741401928508, 3.2241229819609756, 3.6931623238019466, 3.9517969508355404, 4.417150864642407, 5.039547999291235, 5.3866678384658195, 5.396473295936575, 6.042530063148896, 5.652317028795243, 5.881767546717377, 6.130708688126618, 6.180463320862804, 6.800324141119742, 6.988423227539101, 6.986689675279057, 6.976658413704166, 6.652340175415598, 6.805135488912892, 7.110872437684505, 7.128904339067, 7.289647142031739], "p1_mse": [2.095888026890346, 8.825522177396257, 21.005315972057062, 28.169636435539076, 33.24605692197724, 39.231185803627824, 50.022301525668205, 64.59573307211984, 69.62176429229783, 64.03069759368657, 80.12699988725858, 77.80504336425716, 87.62349709173995, 93.94975856262842, 101.46022712163536, 133.4009605087291, 136.1932738379135, 135.63266372938568, 128.9826193696843, 114.9216565633902, 116.63129486073667, 118.86677840275128, 120.2633172566174, 126.7885656253004], "p2_mae": [0.3374391744828447, 0.7441798383972861, 1.1545835010437966, 1.4365521512277264, 1.639660327727646, 1.8511228921899427, 2.0382889657612355, 2.0260606082298454, 2.1678917274057556, 2.210457510110202, 2.3972435846094675, 2.519343239298613, 2.4451177788372713, 2.3511666320758384, 2.4664496608463287, 2.6583101777955203, 2.75709507388433, 2.688155425800275, 2.7291491493442313, 2.6234004229883037, 2.571873217661504, 2.8749904655249203, 2.7914373262163354, 2.7886264393255034], "p2_mse": [0.29616729875779063, 1.782108159874039, 3.3840773884672783, 4.607145900983387, 5.89313552268809, 7.1523546368509505, 8.415320451489041, 8.763635236155194, 10.098800987468595, 10.910675147944366, 12.947393293274152, 14.283237406467945, 14.086795099671162, 12.851325158741622, 13.57963915694914, 15.700683985562215, 16.037164262210208, 14.87400001793515, 15.21650740682158, 13.614380928998091, 13.422971296876897, 16.262826114935628, 15.58590081153469, 15.675383502198486]}