{"p1_mae": [0.46236754857410356, 0.9794400716027091, 1.3795850504567504, 1.8038525816281343, 2.1901564492977417, 2.4353236915411456, 2.636497177973535, 2.6246920451339943, 2.6560755965605574, 2.6272397784127044, 2.648602091206791, 2.7794866245685728, 2.9012557185466052, 2.9955652740783374, 2.919737900379006, 2.784640404782847, 2.8024952014693203, 2.9237143096887483, 2.755171749122753, 2.8026706391001825, 2.8635520486158095, 2.829905390251838, 2.8146559400451836, 2.8929200921165785], "p1_mse": [0.5562495562726747, 2.0442367301612534, 3.868643895979253, 6.699568128136771, 9.700370690760993, 12.008255369225461, 13.153173184631695, 13.082504116320234, 12.734725798391544, 12.396675871609814, 13.213910152728536, 14.06964260808657, 15.739991819148171, 17.31527120737416, 16.67859304525079, 15.325129222509158, 15.937722116436435, 17.092628009407687, 14.399358482018537, 15.602061157778627, 15.937564746805561, 15.226849646972664, 15.938921743158954, 17.069864253112662], "p2_mae": [0.24455909803781273, 0.5364320451653136, 0.8046375031638411, 1.1309222580907028, 1.35552263843921, 1.4882966244231097, 1.5783072693747286, 1.6121922001888302, 1.6425644510094468, 1.6108999463880045, 1.6556715359212737, 1.7863242073380259, 1.8177287174258399, 1.9621359328772137, 1.9279756748762633, 1.9491000601294786, 1.905324051954071, 1.8878543834005401, 1.8809934595471107, 1.8503252884342187, 1.910021932868042, 1.8723514164222783, 1.8994584652320383, 1.9863258262390744], "p2_mse": [0.17506938515985873, 0.674895709496844, 1.4720644517581947, 2.8258937787395855, 4.233956603735423, 5.035311078741368, 5.209426883382775, 5.265812016646964, 5.139296581150457, 4.972863516335299, 5.4564351472034085, 6.22464107344893, 6.794779593585114, 8.202717602193685, 8.085332796970851, 8.094565959535652, 7.7466252985359505, 7.648717149569311, 6.994198824032005, 7.198951962403344, 7.319794498989347, 6.901401449670795, 7.393191646451234, 8.327651570680148]}