{"p1_mae": [0.6190263218220522, 1.1910507863460567, 1.6933832572040632, 2.0835750178884975, 2.3917638667104315, 2.6721975626098047, 2.8935261454604566, 3.045457577579948, 3.058871550173226, 3.063755742776559, 3.1129417620660913, 3.223879669752201, 3.3221078977366516, 3.359715414214941, 3.3550656599061046, 3.2083818611938146, 3.220966049673353, 3.2786865924345547, 3.156283908542665, 3.116665549441675, 3.1356532534463386, 3.1185119794231615, 3.0990150106345498, 3.147774443070858], "p1_mse": [1.179165086454223, 3.257965147732086, 6.1343064997794245, 9.587901440165892, 12.918425823123282, 15.494485290308672, 17.23627251456445, 18.432109537629035, 18.025846809415956, 18.06217265077096, 19.39851883776453, 20.168178991265183, 21.293397474935226, 22.58158386079025, 21.75369074062879, 20.389810127035506, 20.919031217187186, 20.359343543860803, 18.163976130159874, 17.841776500224764, 17.497272505931665, 17.249830499923252, 18.075322471642203, 18.898402045141218], "p1_meta_mae": [0.6377916938377827, 1.2043611811511168, 1.5858457885087978, 1.982680654777589, 2.2552390187192732, 2.453654172923453, 2.688443460811038, 2.758095513756588, 2.7111541057178306, 2.667224168938799, 2.706626512889598, 2.831839996190864, 2.850456267838265, 2.878614335993035, 2.893322353973759, 2.8705830960205456, 2.9263341122437563, 3.025153305753423, 2.9444289675578044, 2.7581129898495114, 2.8749137266113074, 2.7325939952484606, 2.7572091811031743, 2.7863064627013077], "p1_meta_mse": [1.0809376269815958, 2.99135151200023, 5.014264278440061, 8.539951004436386, 11.163207821779986, 13.886818747420293, 14.685748859247818, 14.814387857392113, 13.769515952052716, 14.082258932841633, 13.892621104231015, 15.72323177641514, 16.16081032564963, 17.595315794834733, 17.06379106434471, 17.070030661414723, 18.062776432944258, 18.813585404410155, 17.08022859711492, 15.46582269098134, 16.768467601834594, 15.217522512200777, 16.664596940564135, 17.302522325619872], "p2_mae": [0.37048806044229216, 0.7121526771062163, 1.0276283992876574, 1.2861880103644976, 1.4876736751912623, 1.6191489594151467, 1.7672678962999286, 1.8278451409349228, 1.8561329139064693, 1.8673427332875876, 1.9455316664829723, 2.0413382969666714, 2.1038113476824787, 2.156910821568309, 2.1727219431519074, 2.099699073839927, 2.1082447255221965, 2.110555168395466, 2.011647663134662, 1.9827130776688637, 1.9924389052388014, 2.005855392452795, 1.995394080856761, 2.0183909210210755], "p2_mse": [0.4786966025789302, 1.288106922887908, 2.475558662567356, 4.055164886273255, 5.591229921869206, 6.581172179258878, 7.247486087664352, 7.6683033619991905, 7.536997825271757, 7.570699685067381, 8.359313527295509, 8.956891839589984, 9.56005208748991, 10.391696421455203, 10.076214969739727, 9.500870262305762, 9.671760415268553, 9.15157342940232, 7.923862681376526, 7.786560271359875, 7.828811760241136, 7.819592450550778, 8.177699797520024, 8.457511786396537], "p2_meta_mae": [0.3849619230075856, 0.701283134057367, 0.9794355970048529, 1.203353529782447, 1.365447608116411, 1.538990166105694, 1.665740734168347, 1.7069380242804515, 1.7499319648635485, 1.7764136633364327, 1.7461703264345014, 1.8152878365598804, 1.9540991470571778, 1.9228216769041053, 1.979823819977903, 1.9892138660634109, 1.8728531941419335, 1.8463269373456002, 1.9327234361616403, 1.9393121166615852, 2.011065536651762, 1.9462757131813957, 1.8565193817523085, 1.8779343507600041], "p2_meta_mse": [0.557709325403696, 1.1876431402755914, 2.0040883023513563, 3.5980516690029374, 4.848319308863472, 6.060859159594961, 6.1628642576830295, 6.459950454510076, 6.797076295919827, 6.99601480467392, 6.888783542159835, 6.8109167453195685, 8.08717519684211, 8.502483511835123, 8.544675204746293, 8.984391489479707, 7.769322100858365, 7.72115856657425, 7.915446848278139, 7.707834107682488, 8.082035323230748, 7.4708402516169405, 7.630117438272, 8.13404873127952]}