{"p1_mae": [1.6834370382407908, 3.013463870391115, 4.1615089502603615, 5.0325645070114176, 5.86605706481502, 6.636590383373643, 7.039045573562266, 7.443235486890764, 7.872359393102688, 7.991490012566872, 8.122674166801923, 8.337306288118215, 8.569107262320625, 8.709065295137112, 8.951354314819984, 8.893098747758994, 9.041353697424297, 9.198234068098435, 9.208573154243911, 8.99883674392467, 8.776905020245197, 9.066601359084872, 9.255537927300509, 9.231776299401385], "p2_mae": [0.7887406412730095, 1.4123745820553304, 2.0103823073504143, 2.5428115531838507, 2.9439092499398813, 3.3255916164825026, 3.5810965527927747, 3.916717007329944, 4.146056850067304, 4.1418687940060686, 4.298944042544742, 4.382572015428278, 4.41728107458131, 4.499240298494215, 4.591523410283042, 4.672266268085873, 4.662761292070908, 4.747154558115225, 4.794884592355529, 4.825616226664506, 4.9338158116631465, 4.930567869330841, 4.777814483488447, 4.777043954287397]}