{"p1_mae": [1.8086189622137883, 3.1773815027813916, 4.327132419126277, 5.132775041883083, 5.58221143163444, 6.15438488256072, 6.706122302013946, 7.049670773171343, 7.272598751636821, 7.632222328345323, 7.589940497363671, 7.870907984367084, 8.262902357750074, 8.446828251647068, 8.363000224572554, 8.316031485369162, 8.079935079706326, 8.273648322644824, 8.480601835270916, 8.597136300898397, 8.865169867597665, 9.212658135949436, 9.387434451002578, 9.310221421159046], "p2_mae": [0.779952930796757, 1.4145142081865032, 1.9061277789817135, 2.5920649906843334, 3.032150078884106, 3.36551526083961, 3.6372123067213264, 3.743586902830952, 3.8555998245045884, 4.03606205481842, 4.135975009713688, 4.213657724710918, 4.3128555487069296, 4.3554002483615495, 4.384988245011147, 4.444099223375509, 4.460321133500278, 4.463383199882181, 4.511974597454416, 4.462745954387835, 4.484870213716534, 4.490805445665562, 4.583563884642701, 4.623512371494961]}