{"p1_mae": [1.734221129429103, 3.1853541528758846, 4.360033885786546, 5.194307905206197, 5.991072968870081, 6.382649825238763, 6.676003793691117, 7.099490519624691, 7.5793642986581995, 7.926825594626274, 8.073875575191918, 8.016969732477019, 8.020121397168696, 8.070404488691057, 8.207448030041448, 8.184284122637989, 8.107785970927614, 8.188020330584651, 8.241397831152586, 8.260568426502392, 8.374041423977546, 8.632075058095284, 8.800540260105478, 8.923107132095891], "p2_mae": [0.7536237828283132, 1.4609288529645519, 2.000750387354662, 2.451673079068315, 2.806506355139263, 3.122924186470968, 3.4547234647706015, 3.7090380317795124, 4.013228969493182, 4.211468560634458, 4.313151056796916, 4.358503301766274, 4.342507706578679, 4.3791934315476455, 4.325641170879275, 4.3867148092078265, 4.448786839749605, 4.530568116811188, 4.6335645173104005, 4.577412132924615, 4.476958342078342, 4.449511590850065, 4.351421765284434, 4.299134838506354]}