{"p1_mae": [0.45982966212169923, 0.9874420472204569, 1.382515326783665, 1.8198844453758625, 2.188390007994349, 2.374718971792094, 2.6251953045578196, 2.63732607093148, 2.6576189127306007, 2.6401509511019916, 2.6318805097422495, 2.773257286536302, 2.859427020454716, 2.9742436201252143, 2.9643213047312544, 2.809766110472485, 2.7898449245581247, 2.923312849665393, 2.7974340516448386, 2.809639637194829, 2.9060901209618177, 2.840289619431955, 2.8151514886914, 2.8747874037684724], "p1_mse": [0.5323046962681974, 2.0515842458047677, 3.8950760930990693, 6.806692480712242, 9.717752745512948, 11.418184413105358, 12.897357746451549, 13.22293928796615, 12.65243983014192, 12.669663641807373, 13.087332629137054, 14.053875251823689, 15.305591150918444, 16.608418505281065, 17.127737888193717, 15.701947662908315, 15.816407630276636, 16.762587775674756, 15.081963522699716, 15.456550411675671, 16.585086792590293, 15.246094018653748, 16.19774630351734, 16.99572416704951], "p2_mae": [0.24455909803781273, 0.5364320451653136, 0.8046375031638411, 1.1309222580907028, 1.35552263843921, 1.4882966244231097, 1.5783072693747286, 1.6121922001888302, 1.6425644510094468, 1.6108999463880045, 1.6556715359212737, 1.7863242073380259, 1.8177287174258399, 1.9621359328772137, 1.9279756748762633, 1.9491000601294786, 1.905324051954071, 1.8878543834005401, 1.8809934595471107, 1.8503252884342187, 1.910021932868042, 1.8723514164222783, 1.8994584652320383, 1.9863258262390744], "p2_mse": [0.17506938515985873, 0.674895709496844, 1.4720644517581947, 2.8258937787395855, 4.233956603735423, 5.035311078741368, 5.209426883382775, 5.265812016646964, 5.139296581150457, 4.972863516335299, 5.4564351472034085, 6.22464107344893, 6.794779593585114, 8.202717602193685, 8.085332796970851, 8.094565959535652, 7.7466252985359505, 7.648717149569311, 6.994198824032005, 7.198951962403344, 7.319794498989347, 6.901401449670795, 7.393191646451234, 8.327651570680148]}