{"p1_mae": [0.46933559260285146, 1.0116622805870088, 1.5623239321352944, 1.9897934023552333, 2.242471063566987, 2.5336126265515944, 2.697154962310465, 2.692528351938608, 2.6057505016900797, 2.615961578924416, 2.7524238307359457, 2.8087403706923237, 2.81557754202441, 2.631195533572267, 2.6889353808148, 2.7778023665646105, 2.86558242644813, 2.8394210073605275, 2.797020191623611, 2.9450212109817784, 3.003335277913387, 2.872972013089497, 2.928880192086561, 2.986010779136138], "p1_mse": [0.5296543420622178, 2.8214370570683096, 5.3316449253805045, 7.953245822965954, 9.93861121384068, 12.298671860032288, 13.557280322761638, 14.257732342512284, 12.524607922509615, 13.248569625635785, 15.549461405721564, 16.412072590425744, 16.780958675221143, 14.568727204251973, 14.539136936978787, 15.329357402830713, 16.041384223039156, 15.931181386268333, 15.533919845114982, 17.24494228097547, 17.79461030481024, 16.022810919687508, 17.182820776630464, 16.776513499188045], "p2_mae": [0.2702419431956409, 0.6060362607700828, 0.9217416941498804, 1.1733939292261288, 1.297851123957048, 1.4669525862131736, 1.5948715788865195, 1.6319132527510105, 1.598112445463918, 1.5727849370328044, 1.6987513010282973, 1.81937207507275, 1.6988340396666495, 1.6657659755906475, 1.6980717811169588, 1.615705938257085, 1.67126528951407, 1.6804524827841396, 1.6628357108276433, 1.7044763798509226, 1.7636432795563421, 1.7457933484390609, 1.7250397910769455, 1.8531561708046866], "p2_mse": [0.23782902358560185, 1.2820177250302112, 2.106146594835916, 3.185346381664527, 3.548482549307512, 4.404087924700987, 5.131146442002305, 5.408385544802313, 4.7582042870491765, 5.147430672625146, 6.479826632166797, 7.588072621591467, 6.92196630426189, 6.631795737852627, 6.312046582046286, 6.268482811321523, 6.5002011019862085, 6.492163870033342, 6.435940701927487, 6.613266006851864, 6.794469982741973, 6.918931910473563, 6.941241335305367, 7.059360522694692]}