{"p1_mae": [1.7895126487328696, 3.285917610257497, 4.308455028163408, 5.285382586929098, 5.708710436545791, 5.96589075279352, 6.320291081462191, 6.743379800737433, 7.115683278259031, 7.386036522919644, 7.552764542984156, 7.7088816818895305, 7.817184657214376, 8.326893022138512, 8.625013305818795, 8.784852483576037, 8.715636194912243, 8.674836617277528, 8.575578781567472, 8.354032770659272, 8.327659895540148, 8.6102087199868, 8.823775397013339, 9.038566092521418], "p2_mae": [0.8336427580116272, 1.5901312823651699, 2.176513558956375, 2.734150033194017, 3.065770721502814, 3.2789628161911755, 3.505332938601958, 3.586430824917637, 3.65593394565436, 3.707850462484912, 3.8520768272753423, 3.9834557177793766, 4.073014992968435, 4.211053644271492, 4.167993301971122, 4.218243540903293, 4.261040725510224, 4.3881305392111445, 4.47109991612899, 4.601974055265309, 4.681856887157613, 4.74150485538404, 4.741823235356157, 4.709743544365812]}