{"p1_mae": [1.2019923985179275, 2.3790682877159255, 3.6471464936243287, 4.3491304741390335, 4.792849051954019, 5.249538111168629, 5.853985178679613, 6.192288428530099, 6.445257143029499, 6.751776756328099, 6.980193435106001, 7.011477376447228, 7.596891795840177, 7.611128845469872, 8.076807878131733, 7.918124691521122, 8.041033969504007, 8.144731843469769, 8.61640679016223, 8.295224240939882, 8.09921826695124, 8.355848181903783, 8.348451963681798, 8.540035747501777], "p1_mse": [3.695380554844755, 14.117470363122074, 28.0841143748145, 40.03488802038557, 47.071900091760305, 56.62629101558962, 66.49608539797899, 70.07531316316037, 80.87854666841464, 90.7134273808429, 96.7453731960695, 90.37625241375393, 101.88123796415844, 98.1957086081013, 106.33509124691014, 102.05120289984089, 109.27640198453824, 116.76673426446905, 124.251180112919, 114.89376914476978, 111.79979077239683, 118.0500968814309, 124.95323860549863, 127.10929969243482], "p2_mae": [0.497880823767973, 1.002786129981201, 1.5743438034624322, 1.9304312657998237, 2.1030835695934367, 2.328518610208768, 2.6503631484799994, 2.7910902182466697, 2.937998123607859, 3.0548073665557003, 3.168474500202921, 3.319899118552875, 3.370902030096926, 3.3813631110738105, 3.5533089931665276, 3.6959980269626915, 3.86034938116483, 3.7218392566092295, 3.837708657013893, 3.8117673981929707, 3.833332580365239, 3.852590358013797, 4.018259532940711, 3.8537762638188298], "p2_mse": [0.7593158349035233, 2.341629915498734, 5.088735250357968, 7.425478092748829, 8.54510911097767, 10.14101077552749, 12.725987841959972, 13.846782420594542, 16.54754013984326, 17.043060419100637, 18.229908539508244, 18.050225642756534, 18.466444166263905, 18.51713818656599, 19.246499760413933, 19.749376517017655, 22.85200176264618, 22.528081795415257, 23.2781505910927, 22.11855022207244, 23.436654763653173, 24.072292566768706, 27.336342857475483, 25.79225855418098]}