{"p1_mae": [0.6134261131186346, 1.1094959039019738, 1.4892509224017483, 1.8656625778073908, 2.1331835088902675, 2.2698477310241034, 2.4283131719173308, 2.5327310461846992, 2.5423885869598344, 2.5513118656173415, 2.699169121939879, 2.820599732352406, 2.866331861479568, 2.991636460105295, 3.168171995376251, 3.3116765978691447, 3.378919071785508, 3.3322014315627144, 3.376573963842669, 3.3835323677472284, 3.4036986122908117, 3.47535092551707, 3.53389013233606, 3.572867612968187], "p1_mse": [1.4363847947322865, 3.9134368497062195, 6.476407348717564, 9.471465078328396, 11.626984140147185, 12.48593403306954, 13.41520892487308, 13.904072175226908, 13.528590797498028, 13.93690694240985, 15.492914550453788, 16.669383813889034, 17.141828982014054, 17.98319474159806, 20.3354665488299, 21.82436426714921, 21.946928515527308, 20.85523867468182, 20.620427715258188, 20.675699952889506, 21.10622826748137, 23.36052854001117, 23.910307606551143, 25.02805209856366], "p1_meta_mae": [0.654423061443142, 1.0506956693089557, 1.3541835974588583, 1.7266766947787842, 1.8650227493122122, 1.8478810740734934, 1.8703982956852394, 1.9708735752504372, 2.082508601068636, 2.376576549422919, 2.560759856964061, 2.43163076034659, 2.4218015139473086, 2.6825481883386106, 2.7694962365917735, 2.8834024596183285, 2.962845024434427, 2.9756912573161713, 2.7757594256105937, 2.9554312917010512, 2.980781645161857, 3.122135949411978, 3.038340864439286, 3.2297681170532906], "p1_meta_mse": [1.6864083542285186, 4.023944110489891, 6.211298507596862, 7.831555283412123, 9.394200914684992, 9.325129149054405, 7.508407339572592, 7.567792544633853, 8.770942864836243, 11.388921204374423, 12.150017192403826, 11.564145872632137, 11.77046502218733, 15.244170115746448, 15.787279672992687, 16.736943489302774, 17.577177639669877, 17.800621035976963, 15.693724211169856, 17.084280384759527, 17.7766477581232, 20.653460191390817, 18.53203680998174, 20.794605867217427], "p2_mae": [0.3659272990820218, 0.6564452322825665, 0.9102365684791626, 1.1432845479064333, 1.3088886473723373, 1.4080288739135647, 1.5106143891828034, 1.563082521257367, 1.5853914535764377, 1.5920930768017616, 1.6570869256031997, 1.7233649432332871, 1.7656767431703884, 1.8019590993454973, 1.9053417546786777, 2.0132736585971056, 2.081370995149044, 2.072592687552809, 2.0930546657410525, 2.0882071555367903, 2.076965634320862, 2.0988351800418674, 2.1117823470966557, 2.1678734472760453], "p2_mse": [0.597355647400992, 1.6449043461815256, 2.854268462198511, 4.26598581773915, 5.22161145850782, 5.767569470584206, 6.389894221397025, 6.496686553231638, 6.124645677526272, 6.2751558012054005, 6.8464855968694796, 7.709251542199088, 8.173743828926414, 8.611837104655933, 9.540180234363989, 10.374364010286856, 10.396907175450428, 9.868943707093528, 9.72255287252811, 9.386934224707941, 9.471601916461129, 10.022426884265734, 10.215331395980972, 10.995707875404593], "p2_meta_mae": [0.37045913616827775, 0.6251668734527893, 0.8072829214793386, 1.0463732812441042, 1.1524988930344622, 1.1598003256944511, 1.1507791863733863, 1.2361745958988306, 1.3210269693661372, 1.2615592569436949, 1.4201066098724648, 1.438189993208814, 1.4345746399236061, 1.5382016716415228, 1.6424797043930925, 1.6199055677583654, 1.6337081410635914, 1.716246273037681, 1.6626605489572335, 1.7329437820389808, 1.740291036926545, 1.7486933434015293, 1.76042948308745, 1.9302285720981596], "p2_meta_mse": [0.6626461681341154, 1.640387125361917, 2.270644082597065, 3.3345826500873024, 3.969101019421328, 3.42456416515198, 3.103856670273223, 3.465897627919823, 3.769569034455043, 3.599353857841925, 4.631233611343889, 5.072993146604131, 5.30970652420732, 6.894374947763108, 7.288945541036898, 7.297382334851842, 6.600404125809999, 7.111365868637411, 6.776603469216625, 7.3602285749442675, 7.2291009889557305, 7.063667282604318, 7.043760894327079, 8.768774791650277]}