{"p1_mae": [0.8557574505544323, 2.114323852955965, 2.9587316106732287, 3.42334520654793, 3.764281503145054, 4.071074576975364, 4.683318636042274, 4.818817713291799, 5.34911928628991, 5.708915131109725, 5.909887297468444, 5.79109574649492, 6.040038636287616, 5.755901862305615, 5.731927861106181, 5.9260717002587, 6.115410053769574, 6.096449454951237, 6.269470636568144, 6.6241251053088375, 6.364458441067677, 6.558998706100051, 6.372315478951264, 6.372256848283524], "p1_mse": [2.044568992319515, 14.708718216440838, 24.430170268364755, 28.468990817684475, 32.85452662121582, 40.746286748607865, 53.501119702632444, 52.77672352344799, 67.3130249770255, 85.694188917626, 90.72137637583914, 85.71403488561712, 89.43344868121514, 71.92547337838919, 66.25101975730983, 71.65262530861919, 71.37039007541907, 70.06242149975189, 72.93880725878093, 82.40215534126492, 80.49039557051465, 89.31362645866801, 83.25795424584122, 93.53282856117356], "p2_mae": [0.4336797901620708, 0.9394693759706901, 1.4148902277404882, 1.6443297657697367, 1.8587413905849872, 2.0028496280490087, 2.2671557022078264, 2.3598186927809697, 2.40916733420736, 2.624433781410006, 2.860038296633789, 2.7939666404295904, 2.948091197059145, 2.9539718046636305, 3.0503808425866024, 3.0321841956283873, 3.234681326447347, 3.1236289192204385, 3.2118034510759887, 3.215865310269596, 3.2272849311799736, 3.157442871765794, 3.1439119315778807, 3.127833578017429], "p2_mse": [0.45401214309509696, 2.6703378099921036, 5.277133011822514, 6.103226356401842, 7.294459619223888, 8.83763923894772, 11.189491153401299, 11.612372432088653, 12.336277579237303, 16.335311445196435, 19.079344491894876, 18.9595002337142, 19.94063857513683, 18.582920654960752, 18.138525391821172, 17.648665315279455, 19.249371285174398, 18.133152051014534, 19.339800329707945, 19.68329925656476, 20.85875269921242, 20.12086097503395, 19.95016054911968, 20.50657289054945]}