{"p1_mae": [0.4829697268347073, 1.1172590899379904, 1.631524191653801, 2.0065285752641966, 2.3430693807262357, 2.594695440182595, 2.6859868399090474, 2.7259069284353883, 2.6600026117466657, 2.874677533988555, 3.025929036168607, 3.1962198186404747, 3.3018431895351537, 3.2700629833657344, 3.2154752385728074, 3.150576210508766, 3.123612037228806, 3.205579534413306, 3.1262366342796843, 3.3169027687383275, 3.0506360534995314, 3.0373361912617662, 2.9913014690936084, 2.9802643821453185], "p1_mse": [0.57551215574306, 2.8113106508295727, 5.788405946106565, 7.7924229530036895, 10.409964539338391, 12.000449868935474, 12.3338305079088, 13.01262216884478, 13.224454869131028, 16.856304096783717, 17.48788392332566, 17.658242793684845, 19.780511775337686, 18.87192390171307, 19.095249681379293, 19.516688191733145, 19.805304453869297, 20.603298115714853, 19.86088795885838, 23.565915220252062, 19.485208356835024, 18.83033304570036, 17.765141096618837, 17.632601503963937], "p2_mae": [0.2633703956752386, 0.6280219688934022, 0.9029716697978838, 1.1234498311915047, 1.3310235530050036, 1.4860359692488139, 1.5537360293860643, 1.6326038315703608, 1.6666872880552563, 1.7116578633352895, 1.8491149822172384, 1.9363766066162647, 1.829478596073443, 1.865731564082476, 1.914128266627209, 1.8705646893762673, 1.8454824304241095, 1.9633281476708668, 1.9844572138503198, 1.9332553257435494, 1.8038552971469202, 1.7553774037163452, 1.7372523467077194, 1.7284187199013104], "p2_mse": [0.29094518869388214, 1.404075676401913, 1.9727568665893145, 2.5538330360644683, 3.52040733692951, 4.067009456672417, 4.532732080496536, 5.074997011551048, 5.276860018344541, 6.251944734226331, 7.293114327389373, 7.817615210558222, 7.091529131973321, 7.179326437043792, 7.559397055732995, 7.555608177417926, 7.702740755042235, 8.93818433392565, 8.879605876483637, 8.417389186166393, 7.027914226353496, 6.9713117898351, 6.298486690252929, 6.538410981694311]}